ISO-10303-21;
HEADER;
/* Generated by software containing ST-Developer
 * from STEP Tools, Inc. (www.steptools.com) 
 */

FILE_DESCRIPTION(
/* description */ (''),
/* implementation_level */ '2;1');

FILE_NAME(
/* name */ 'LDR v1.step',
/* time_stamp */ '2024-10-18T11:54:19+02:00',
/* author */ (''),
/* organization */ (''),
/* preprocessor_version */ 'ST-DEVELOPER v20',
/* originating_system */ 'Autodesk Translation Framework v13.20.0.188',

/* authorisation */ '');

FILE_SCHEMA (('AUTOMOTIVE_DESIGN { 1 0 10303 214 3 1 1 }'));
ENDSEC;

DATA;
#10=MECHANICAL_DESIGN_GEOMETRIC_PRESENTATION_REPRESENTATION('',(#62,#63,
#64,#65,#66,#67,#68,#69,#70,#71),#2628);
#11=SHAPE_REPRESENTATION_RELATIONSHIP('SRR','None',#2635,#12);
#12=ADVANCED_BREP_SHAPE_REPRESENTATION('',(#13),#2627);
#13=MANIFOLD_SOLID_BREP('LDR',#1494);
#14=TOROIDAL_SURFACE('',#1587,0.2,0.1);
#15=TOROIDAL_SURFACE('',#1591,0.2,0.1);
#16=B_SPLINE_SURFACE_WITH_KNOTS('',3,3,((#2370,#2371,#2372,#2373,#2374,
#2375,#2376,#2377,#2378,#2379,#2380,#2381,#2382,#2383,#2384),(#2385,#2386,
#2387,#2388,#2389,#2390,#2391,#2392,#2393,#2394,#2395,#2396,#2397,#2398,
#2399),(#2400,#2401,#2402,#2403,#2404,#2405,#2406,#2407,#2408,#2409,#2410,
#2411,#2412,#2413,#2414),(#2415,#2416,#2417,#2418,#2419,#2420,#2421,#2422,
#2423,#2424,#2425,#2426,#2427,#2428,#2429),(#2430,#2431,#2432,#2433,#2434,
#2435,#2436,#2437,#2438,#2439,#2440,#2441,#2442,#2443,#2444)),
 .UNSPECIFIED.,.F.,.T.,.F.,(4,1,4),(4,1,1,1,1,1,1,1,1,1,1,1,4),(0.,0.571428571428571,
1.),(-0.122925771713743,-0.105364947183209,-0.0878041226526738,-0.070243298122139,
-0.0526824735916043,-0.0263412367958021,-0.0175608245305347,0.0175608245305348,
0.0526824735916043,0.0702432981221391,0.0878041226526738,0.105364947183209,
0.122925771713743),.UNSPECIFIED.);
#17=B_SPLINE_SURFACE_WITH_KNOTS('',3,3,((#2491,#2492,#2493,#2494,#2495,
#2496,#2497,#2498,#2499,#2500,#2501,#2502,#2503,#2504,#2505),(#2506,#2507,
#2508,#2509,#2510,#2511,#2512,#2513,#2514,#2515,#2516,#2517,#2518,#2519,
#2520),(#2521,#2522,#2523,#2524,#2525,#2526,#2527,#2528,#2529,#2530,#2531,
#2532,#2533,#2534,#2535),(#2536,#2537,#2538,#2539,#2540,#2541,#2542,#2543,
#2544,#2545,#2546,#2547,#2548,#2549,#2550),(#2551,#2552,#2553,#2554,#2555,
#2556,#2557,#2558,#2559,#2560,#2561,#2562,#2563,#2564,#2565)),
 .UNSPECIFIED.,.F.,.T.,.F.,(4,1,4),(4,1,1,1,1,1,1,1,1,1,1,1,4),(0.,0.571428571428571,
1.),(-0.122925771713743,-0.105364947183209,-0.0878041226526738,-0.070243298122139,
-0.0526824735916043,-0.0263412367958021,-0.0175608245305347,0.0175608245305348,
0.0526824735916043,0.0702432981221391,0.0878041226526738,0.105364947183209,
0.122925771713743),.UNSPECIFIED.);
#18=FACE_BOUND('',#205,.T.);
#19=FACE_BOUND('',#212,.T.);
#20=FACE_BOUND('',#226,.T.);
#21=FACE_BOUND('',#227,.T.);
#22=B_SPLINE_CURVE_WITH_KNOTS('',3,(#2341,#2342,#2343,#2344,#2345,#2346,
#2347,#2348,#2349,#2350,#2351,#2352,#2353,#2354,#2355),.UNSPECIFIED.,.T.,
 .F.,(4,1,1,1,1,1,1,1,1,1,1,1,4),(-0.122925771713743,-0.105364947183209,
-0.0878041226526738,-0.070243298122139,-0.0526824735916043,-0.0263412367958021,
-0.0175608245305347,0.0175608245305348,0.0526824735916043,0.0702432981221391,
0.0878041226526738,0.105364947183209,0.122925771713743),.UNSPECIFIED.);
#23=B_SPLINE_CURVE_WITH_KNOTS('',3,(#2449,#2450,#2451,#2452,#2453,#2454,
#2455,#2456,#2457,#2458,#2459,#2460),.UNSPECIFIED.,.F.,.F.,(4,1,1,1,1,1,
1,1,1,4),(-0.122925771713743,-0.105364947183209,-0.0878041226526738,-0.0702432981221391,
-0.0526824735916043,-0.0175608245305348,0.0175608245305347,0.0263412367958021,
0.0526824735916043,0.0614472452370443),.UNSPECIFIED.);
#24=B_SPLINE_CURVE_WITH_KNOTS('',3,(#2461,#2462,#2463,#2464,#2465,#2466,
#2467),.UNSPECIFIED.,.F.,.F.,(4,1,1,1,4),(0.0614472452370443,0.070243298122139,
0.0878041226526738,0.105364947183209,0.122925771713743),.UNSPECIFIED.);
#25=B_SPLINE_CURVE_WITH_KNOTS('',3,(#2468,#2469,#2470,#2471,#2472,#2473,
#2474,#2475,#2476,#2477,#2478,#2479,#2480,#2481,#2482),.UNSPECIFIED.,.T.,
 .F.,(4,1,1,1,1,1,1,1,1,1,1,1,4),(-0.122925771713743,-0.105364947183209,
-0.0878041226526738,-0.070243298122139,-0.0526824735916043,-0.0263412367958021,
-0.0175608245305347,0.0175608245305348,0.0526824735916043,0.0702432981221391,
0.0878041226526738,0.105364947183209,0.122925771713743),.UNSPECIFIED.);
#26=B_SPLINE_CURVE_WITH_KNOTS('',3,(#2569,#2570,#2571,#2572,#2573,#2574,
#2575,#2576,#2577,#2578,#2579,#2580),.UNSPECIFIED.,.F.,.F.,(4,1,1,1,1,1,
1,1,1,4),(-0.122925771713743,-0.105364947183209,-0.0878041226526738,-0.0702432981221391,
-0.0526824735916043,-0.0175608245305348,0.0175608245305347,0.0263412367958021,
0.0526824735916043,0.0614472452370443),.UNSPECIFIED.);
#27=B_SPLINE_CURVE_WITH_KNOTS('',3,(#2581,#2582,#2583,#2584,#2585,#2586,
#2587),.UNSPECIFIED.,.F.,.F.,(4,1,1,1,4),(0.0614472452370443,0.070243298122139,
0.0878041226526738,0.105364947183209,0.122925771713743),.UNSPECIFIED.);
#28=CYLINDRICAL_SURFACE('',#1565,2.);
#29=CYLINDRICAL_SURFACE('',#1573,0.3);
#30=CYLINDRICAL_SURFACE('',#1577,0.3);
#31=CYLINDRICAL_SURFACE('',#1596,2.00000000000002);
#32=CYLINDRICAL_SURFACE('',#1598,2.50000000000003);
#33=CYLINDRICAL_SURFACE('',#1601,2.);
#34=CYLINDRICAL_SURFACE('',#1603,2.5);
#35=CYLINDRICAL_SURFACE('',#1605,2.);
#36=CIRCLE('',#1563,2.);
#37=CIRCLE('',#1564,2.);
#38=CIRCLE('',#1566,2.);
#39=CIRCLE('',#1567,2.);
#40=CIRCLE('',#1568,2.);
#41=CIRCLE('',#1570,2.);
#42=CIRCLE('',#1571,2.5);
#43=CIRCLE('',#1572,2.);
#44=CIRCLE('',#1574,0.3);
#45=CIRCLE('',#1575,0.3);
#46=CIRCLE('',#1578,0.3);
#47=CIRCLE('',#1579,0.3);
#48=CIRCLE('',#1581,0.1);
#49=CIRCLE('',#1583,2.50000000000003);
#50=CIRCLE('',#1584,2.00000000000002);
#51=CIRCLE('',#1585,2.);
#52=CIRCLE('',#1586,0.1);
#53=CIRCLE('',#1588,0.2);
#54=CIRCLE('',#1589,0.1);
#55=CIRCLE('',#1592,0.2);
#56=CIRCLE('',#1593,0.1);
#57=CIRCLE('',#1597,2.00000000000002);
#58=CIRCLE('',#1599,2.50000000000003);
#59=CIRCLE('',#1602,2.);
#60=CIRCLE('',#1604,2.5);
#61=CIRCLE('',#1606,2.);
#62=STYLED_ITEM('',(#2646),#1472);
#63=STYLED_ITEM('',(#2647),#1473);
#64=STYLED_ITEM('',(#2647),#1486);
#65=STYLED_ITEM('',(#2647),#1487);
#66=STYLED_ITEM('',(#2647),#1488);
#67=STYLED_ITEM('',(#2647),#1489);
#68=STYLED_ITEM('',(#2647),#1490);
#69=STYLED_ITEM('',(#2647),#1491);
#70=STYLED_ITEM('',(#2647),#1492);
#71=STYLED_ITEM('',(#2645),#13);
#72=FACE_OUTER_BOUND('',#148,.T.);
#73=FACE_OUTER_BOUND('',#149,.T.);
#74=FACE_OUTER_BOUND('',#150,.T.);
#75=FACE_OUTER_BOUND('',#151,.T.);
#76=FACE_OUTER_BOUND('',#152,.T.);
#77=FACE_OUTER_BOUND('',#153,.T.);
#78=FACE_OUTER_BOUND('',#154,.T.);
#79=FACE_OUTER_BOUND('',#155,.T.);
#80=FACE_OUTER_BOUND('',#156,.T.);
#81=FACE_OUTER_BOUND('',#157,.T.);
#82=FACE_OUTER_BOUND('',#158,.T.);
#83=FACE_OUTER_BOUND('',#159,.T.);
#84=FACE_OUTER_BOUND('',#160,.T.);
#85=FACE_OUTER_BOUND('',#161,.T.);
#86=FACE_OUTER_BOUND('',#162,.T.);
#87=FACE_OUTER_BOUND('',#163,.T.);
#88=FACE_OUTER_BOUND('',#164,.T.);
#89=FACE_OUTER_BOUND('',#165,.T.);
#90=FACE_OUTER_BOUND('',#166,.T.);
#91=FACE_OUTER_BOUND('',#167,.T.);
#92=FACE_OUTER_BOUND('',#168,.T.);
#93=FACE_OUTER_BOUND('',#169,.T.);
#94=FACE_OUTER_BOUND('',#170,.T.);
#95=FACE_OUTER_BOUND('',#171,.T.);
#96=FACE_OUTER_BOUND('',#172,.T.);
#97=FACE_OUTER_BOUND('',#173,.T.);
#98=FACE_OUTER_BOUND('',#174,.T.);
#99=FACE_OUTER_BOUND('',#175,.T.);
#100=FACE_OUTER_BOUND('',#176,.T.);
#101=FACE_OUTER_BOUND('',#177,.T.);
#102=FACE_OUTER_BOUND('',#178,.T.);
#103=FACE_OUTER_BOUND('',#179,.T.);
#104=FACE_OUTER_BOUND('',#180,.T.);
#105=FACE_OUTER_BOUND('',#181,.T.);
#106=FACE_OUTER_BOUND('',#182,.T.);
#107=FACE_OUTER_BOUND('',#183,.T.);
#108=FACE_OUTER_BOUND('',#184,.T.);
#109=FACE_OUTER_BOUND('',#185,.T.);
#110=FACE_OUTER_BOUND('',#186,.T.);
#111=FACE_OUTER_BOUND('',#187,.T.);
#112=FACE_OUTER_BOUND('',#188,.T.);
#113=FACE_OUTER_BOUND('',#189,.T.);
#114=FACE_OUTER_BOUND('',#190,.T.);
#115=FACE_OUTER_BOUND('',#191,.T.);
#116=FACE_OUTER_BOUND('',#192,.T.);
#117=FACE_OUTER_BOUND('',#193,.T.);
#118=FACE_OUTER_BOUND('',#194,.T.);
#119=FACE_OUTER_BOUND('',#195,.T.);
#120=FACE_OUTER_BOUND('',#196,.T.);
#121=FACE_OUTER_BOUND('',#197,.T.);
#122=FACE_OUTER_BOUND('',#198,.T.);
#123=FACE_OUTER_BOUND('',#199,.T.);
#124=FACE_OUTER_BOUND('',#200,.T.);
#125=FACE_OUTER_BOUND('',#201,.T.);
#126=FACE_OUTER_BOUND('',#202,.T.);
#127=FACE_OUTER_BOUND('',#203,.T.);
#128=FACE_OUTER_BOUND('',#204,.T.);
#129=FACE_OUTER_BOUND('',#206,.T.);
#130=FACE_OUTER_BOUND('',#207,.T.);
#131=FACE_OUTER_BOUND('',#208,.T.);
#132=FACE_OUTER_BOUND('',#209,.T.);
#133=FACE_OUTER_BOUND('',#210,.T.);
#134=FACE_OUTER_BOUND('',#211,.T.);
#135=FACE_OUTER_BOUND('',#213,.T.);
#136=FACE_OUTER_BOUND('',#214,.T.);
#137=FACE_OUTER_BOUND('',#215,.T.);
#138=FACE_OUTER_BOUND('',#216,.T.);
#139=FACE_OUTER_BOUND('',#217,.T.);
#140=FACE_OUTER_BOUND('',#218,.T.);
#141=FACE_OUTER_BOUND('',#219,.T.);
#142=FACE_OUTER_BOUND('',#220,.T.);
#143=FACE_OUTER_BOUND('',#221,.T.);
#144=FACE_OUTER_BOUND('',#222,.T.);
#145=FACE_OUTER_BOUND('',#223,.T.);
#146=FACE_OUTER_BOUND('',#224,.T.);
#147=FACE_OUTER_BOUND('',#225,.T.);
#148=EDGE_LOOP('',(#934,#935,#936,#937));
#149=EDGE_LOOP('',(#938,#939,#940,#941));
#150=EDGE_LOOP('',(#942,#943,#944,#945));
#151=EDGE_LOOP('',(#946,#947,#948,#949));
#152=EDGE_LOOP('',(#950,#951,#952,#953));
#153=EDGE_LOOP('',(#954,#955,#956,#957));
#154=EDGE_LOOP('',(#958,#959,#960,#961));
#155=EDGE_LOOP('',(#962,#963,#964,#965));
#156=EDGE_LOOP('',(#966,#967,#968,#969));
#157=EDGE_LOOP('',(#970,#971,#972,#973));
#158=EDGE_LOOP('',(#974,#975,#976,#977));
#159=EDGE_LOOP('',(#978,#979,#980,#981));
#160=EDGE_LOOP('',(#982,#983,#984,#985));
#161=EDGE_LOOP('',(#986,#987,#988,#989));
#162=EDGE_LOOP('',(#990,#991,#992,#993));
#163=EDGE_LOOP('',(#994,#995,#996,#997));
#164=EDGE_LOOP('',(#998,#999,#1000,#1001));
#165=EDGE_LOOP('',(#1002,#1003,#1004,#1005));
#166=EDGE_LOOP('',(#1006,#1007,#1008,#1009));
#167=EDGE_LOOP('',(#1010,#1011,#1012,#1013));
#168=EDGE_LOOP('',(#1014,#1015,#1016,#1017));
#169=EDGE_LOOP('',(#1018,#1019,#1020,#1021));
#170=EDGE_LOOP('',(#1022,#1023,#1024,#1025));
#171=EDGE_LOOP('',(#1026,#1027,#1028,#1029));
#172=EDGE_LOOP('',(#1030,#1031,#1032,#1033));
#173=EDGE_LOOP('',(#1034,#1035,#1036,#1037));
#174=EDGE_LOOP('',(#1038,#1039,#1040,#1041));
#175=EDGE_LOOP('',(#1042,#1043,#1044,#1045));
#176=EDGE_LOOP('',(#1046,#1047,#1048,#1049));
#177=EDGE_LOOP('',(#1050,#1051,#1052,#1053));
#178=EDGE_LOOP('',(#1054,#1055,#1056,#1057));
#179=EDGE_LOOP('',(#1058,#1059,#1060,#1061));
#180=EDGE_LOOP('',(#1062,#1063,#1064,#1065));
#181=EDGE_LOOP('',(#1066,#1067,#1068,#1069));
#182=EDGE_LOOP('',(#1070,#1071,#1072,#1073));
#183=EDGE_LOOP('',(#1074,#1075,#1076,#1077));
#184=EDGE_LOOP('',(#1078,#1079,#1080,#1081));
#185=EDGE_LOOP('',(#1082,#1083,#1084,#1085));
#186=EDGE_LOOP('',(#1086,#1087,#1088,#1089));
#187=EDGE_LOOP('',(#1090,#1091,#1092,#1093));
#188=EDGE_LOOP('',(#1094,#1095,#1096,#1097));
#189=EDGE_LOOP('',(#1098,#1099,#1100,#1101));
#190=EDGE_LOOP('',(#1102,#1103,#1104,#1105));
#191=EDGE_LOOP('',(#1106,#1107,#1108,#1109));
#192=EDGE_LOOP('',(#1110,#1111,#1112,#1113));
#193=EDGE_LOOP('',(#1114,#1115,#1116,#1117));
#194=EDGE_LOOP('',(#1118,#1119,#1120,#1121));
#195=EDGE_LOOP('',(#1122,#1123,#1124,#1125));
#196=EDGE_LOOP('',(#1126,#1127,#1128,#1129));
#197=EDGE_LOOP('',(#1130,#1131,#1132,#1133));
#198=EDGE_LOOP('',(#1134,#1135,#1136,#1137));
#199=EDGE_LOOP('',(#1138,#1139,#1140,#1141));
#200=EDGE_LOOP('',(#1142,#1143,#1144,#1145));
#201=EDGE_LOOP('',(#1146,#1147,#1148,#1149));
#202=EDGE_LOOP('',(#1150,#1151,#1152,#1153,#1154,#1155,#1156,#1157,#1158,
#1159,#1160,#1161,#1162,#1163,#1164,#1165,#1166,#1167,#1168,#1169,#1170,
#1171,#1172,#1173,#1174,#1175,#1176,#1177,#1178,#1179,#1180,#1181,#1182,
#1183,#1184,#1185,#1186,#1187,#1188,#1189,#1190,#1191,#1192,#1193,#1194,
#1195,#1196,#1197,#1198,#1199,#1200,#1201,#1202,#1203,#1204,#1205));
#203=EDGE_LOOP('',(#1206,#1207,#1208,#1209,#1210,#1211,#1212,#1213));
#204=EDGE_LOOP('',(#1214,#1215,#1216,#1217,#1218,#1219,#1220,#1221,#1222,
#1223,#1224,#1225,#1226,#1227,#1228,#1229,#1230,#1231,#1232,#1233,#1234,
#1235,#1236,#1237,#1238,#1239,#1240,#1241,#1242,#1243,#1244,#1245));
#205=EDGE_LOOP('',(#1246));
#206=EDGE_LOOP('',(#1247,#1248,#1249,#1250));
#207=EDGE_LOOP('',(#1251));
#208=EDGE_LOOP('',(#1252,#1253,#1254,#1255));
#209=EDGE_LOOP('',(#1256));
#210=EDGE_LOOP('',(#1257,#1258,#1259,#1260,#1261));
#211=EDGE_LOOP('',(#1262,#1263,#1264,#1265,#1266,#1267,#1268,#1269,#1270,
#1271,#1272,#1273,#1274,#1275,#1276,#1277,#1278,#1279,#1280,#1281,#1282,
#1283,#1284,#1285,#1286,#1287,#1288,#1289,#1290,#1291,#1292,#1293));
#212=EDGE_LOOP('',(#1294));
#213=EDGE_LOOP('',(#1295,#1296,#1297,#1298,#1299));
#214=EDGE_LOOP('',(#1300,#1301,#1302,#1303,#1304));
#215=EDGE_LOOP('',(#1305));
#216=EDGE_LOOP('',(#1306,#1307,#1308,#1309,#1310));
#217=EDGE_LOOP('',(#1311));
#218=EDGE_LOOP('',(#1312,#1313,#1314,#1315));
#219=EDGE_LOOP('',(#1316,#1317,#1318,#1319));
#220=EDGE_LOOP('',(#1320,#1321,#1322,#1323));
#221=EDGE_LOOP('',(#1324,#1325,#1326,#1327));
#222=EDGE_LOOP('',(#1328,#1329,#1330,#1331));
#223=EDGE_LOOP('',(#1332,#1333,#1334,#1335));
#224=EDGE_LOOP('',(#1336,#1337,#1338,#1339,#1340,#1341,#1342,#1343));
#225=EDGE_LOOP('',(#1344,#1345,#1346,#1347,#1348,#1349,#1350,#1351));
#226=EDGE_LOOP('',(#1352));
#227=EDGE_LOOP('',(#1353));
#228=LINE('',#1992,#406);
#229=LINE('',#1994,#407);
#230=LINE('',#1996,#408);
#231=LINE('',#1997,#409);
#232=LINE('',#2000,#410);
#233=LINE('',#2002,#411);
#234=LINE('',#2003,#412);
#235=LINE('',#2006,#413);
#236=LINE('',#2008,#414);
#237=LINE('',#2009,#415);
#238=LINE('',#2012,#416);
#239=LINE('',#2014,#417);
#240=LINE('',#2015,#418);
#241=LINE('',#2018,#419);
#242=LINE('',#2020,#420);
#243=LINE('',#2021,#421);
#244=LINE('',#2024,#422);
#245=LINE('',#2026,#423);
#246=LINE('',#2027,#424);
#247=LINE('',#2030,#425);
#248=LINE('',#2032,#426);
#249=LINE('',#2033,#427);
#250=LINE('',#2036,#428);
#251=LINE('',#2038,#429);
#252=LINE('',#2039,#430);
#253=LINE('',#2042,#431);
#254=LINE('',#2044,#432);
#255=LINE('',#2045,#433);
#256=LINE('',#2048,#434);
#257=LINE('',#2050,#435);
#258=LINE('',#2051,#436);
#259=LINE('',#2054,#437);
#260=LINE('',#2056,#438);
#261=LINE('',#2057,#439);
#262=LINE('',#2060,#440);
#263=LINE('',#2062,#441);
#264=LINE('',#2063,#442);
#265=LINE('',#2066,#443);
#266=LINE('',#2068,#444);
#267=LINE('',#2069,#445);
#268=LINE('',#2072,#446);
#269=LINE('',#2074,#447);
#270=LINE('',#2075,#448);
#271=LINE('',#2078,#449);
#272=LINE('',#2080,#450);
#273=LINE('',#2081,#451);
#274=LINE('',#2084,#452);
#275=LINE('',#2086,#453);
#276=LINE('',#2087,#454);
#277=LINE('',#2090,#455);
#278=LINE('',#2092,#456);
#279=LINE('',#2093,#457);
#280=LINE('',#2096,#458);
#281=LINE('',#2098,#459);
#282=LINE('',#2099,#460);
#283=LINE('',#2102,#461);
#284=LINE('',#2104,#462);
#285=LINE('',#2105,#463);
#286=LINE('',#2108,#464);
#287=LINE('',#2110,#465);
#288=LINE('',#2111,#466);
#289=LINE('',#2114,#467);
#290=LINE('',#2116,#468);
#291=LINE('',#2117,#469);
#292=LINE('',#2120,#470);
#293=LINE('',#2122,#471);
#294=LINE('',#2123,#472);
#295=LINE('',#2126,#473);
#296=LINE('',#2128,#474);
#297=LINE('',#2129,#475);
#298=LINE('',#2132,#476);
#299=LINE('',#2134,#477);
#300=LINE('',#2135,#478);
#301=LINE('',#2139,#479);
#302=LINE('',#2141,#480);
#303=LINE('',#2143,#481);
#304=LINE('',#2144,#482);
#305=LINE('',#2147,#483);
#306=LINE('',#2149,#484);
#307=LINE('',#2150,#485);
#308=LINE('',#2153,#486);
#309=LINE('',#2155,#487);
#310=LINE('',#2156,#488);
#311=LINE('',#2159,#489);
#312=LINE('',#2161,#490);
#313=LINE('',#2162,#491);
#314=LINE('',#2165,#492);
#315=LINE('',#2167,#493);
#316=LINE('',#2168,#494);
#317=LINE('',#2171,#495);
#318=LINE('',#2173,#496);
#319=LINE('',#2174,#497);
#320=LINE('',#2177,#498);
#321=LINE('',#2179,#499);
#322=LINE('',#2180,#500);
#323=LINE('',#2183,#501);
#324=LINE('',#2185,#502);
#325=LINE('',#2186,#503);
#326=LINE('',#2189,#504);
#327=LINE('',#2191,#505);
#328=LINE('',#2192,#506);
#329=LINE('',#2195,#507);
#330=LINE('',#2197,#508);
#331=LINE('',#2198,#509);
#332=LINE('',#2201,#510);
#333=LINE('',#2203,#511);
#334=LINE('',#2204,#512);
#335=LINE('',#2207,#513);
#336=LINE('',#2209,#514);
#337=LINE('',#2210,#515);
#338=LINE('',#2213,#516);
#339=LINE('',#2215,#517);
#340=LINE('',#2216,#518);
#341=LINE('',#2219,#519);
#342=LINE('',#2221,#520);
#343=LINE('',#2222,#521);
#344=LINE('',#2225,#522);
#345=LINE('',#2227,#523);
#346=LINE('',#2228,#524);
#347=LINE('',#2231,#525);
#348=LINE('',#2233,#526);
#349=LINE('',#2234,#527);
#350=LINE('',#2237,#528);
#351=LINE('',#2239,#529);
#352=LINE('',#2240,#530);
#353=LINE('',#2243,#531);
#354=LINE('',#2245,#532);
#355=LINE('',#2246,#533);
#356=LINE('',#2249,#534);
#357=LINE('',#2251,#535);
#358=LINE('',#2252,#536);
#359=LINE('',#2255,#537);
#360=LINE('',#2257,#538);
#361=LINE('',#2258,#539);
#362=LINE('',#2261,#540);
#363=LINE('',#2263,#541);
#364=LINE('',#2264,#542);
#365=LINE('',#2267,#543);
#366=LINE('',#2269,#544);
#367=LINE('',#2270,#545);
#368=LINE('',#2273,#546);
#369=LINE('',#2275,#547);
#370=LINE('',#2276,#548);
#371=LINE('',#2279,#549);
#372=LINE('',#2281,#550);
#373=LINE('',#2282,#551);
#374=LINE('',#2285,#552);
#375=LINE('',#2287,#553);
#376=LINE('',#2288,#554);
#377=LINE('',#2291,#555);
#378=LINE('',#2293,#556);
#379=LINE('',#2294,#557);
#380=LINE('',#2297,#558);
#381=LINE('',#2299,#559);
#382=LINE('',#2300,#560);
#383=LINE('',#2304,#561);
#384=LINE('',#2306,#562);
#385=LINE('',#2308,#563);
#386=LINE('',#2309,#564);
#387=LINE('',#2312,#565);
#388=LINE('',#2314,#566);
#389=LINE('',#2315,#567);
#390=LINE('',#2317,#568);
#391=LINE('',#2318,#569);
#392=LINE('',#2326,#570);
#393=LINE('',#2330,#571);
#394=LINE('',#2339,#572);
#395=LINE('',#2360,#573);
#396=LINE('',#2367,#574);
#397=LINE('',#2489,#575);
#398=LINE('',#2601,#576);
#399=LINE('',#2602,#577);
#400=LINE('',#2603,#578);
#401=LINE('',#2607,#579);
#402=LINE('',#2612,#580);
#403=LINE('',#2613,#581);
#404=LINE('',#2617,#582);
#405=LINE('',#2621,#583);
#406=VECTOR('',#1612,10.);
#407=VECTOR('',#1613,10.);
#408=VECTOR('',#1614,10.);
#409=VECTOR('',#1615,10.);
#410=VECTOR('',#1618,10.);
#411=VECTOR('',#1619,10.);
#412=VECTOR('',#1620,10.);
#413=VECTOR('',#1623,10.);
#414=VECTOR('',#1624,10.);
#415=VECTOR('',#1625,10.);
#416=VECTOR('',#1628,10.);
#417=VECTOR('',#1629,10.);
#418=VECTOR('',#1630,10.);
#419=VECTOR('',#1633,10.);
#420=VECTOR('',#1634,10.);
#421=VECTOR('',#1635,10.);
#422=VECTOR('',#1638,10.);
#423=VECTOR('',#1639,10.);
#424=VECTOR('',#1640,10.);
#425=VECTOR('',#1643,10.);
#426=VECTOR('',#1644,10.);
#427=VECTOR('',#1645,10.);
#428=VECTOR('',#1648,10.);
#429=VECTOR('',#1649,10.);
#430=VECTOR('',#1650,10.);
#431=VECTOR('',#1653,10.);
#432=VECTOR('',#1654,10.);
#433=VECTOR('',#1655,10.);
#434=VECTOR('',#1658,10.);
#435=VECTOR('',#1659,10.);
#436=VECTOR('',#1660,10.);
#437=VECTOR('',#1663,10.);
#438=VECTOR('',#1664,10.);
#439=VECTOR('',#1665,10.);
#440=VECTOR('',#1668,10.);
#441=VECTOR('',#1669,10.);
#442=VECTOR('',#1670,10.);
#443=VECTOR('',#1673,10.);
#444=VECTOR('',#1674,10.);
#445=VECTOR('',#1675,10.);
#446=VECTOR('',#1678,10.);
#447=VECTOR('',#1679,10.);
#448=VECTOR('',#1680,10.);
#449=VECTOR('',#1683,10.);
#450=VECTOR('',#1684,10.);
#451=VECTOR('',#1685,10.);
#452=VECTOR('',#1688,10.);
#453=VECTOR('',#1689,10.);
#454=VECTOR('',#1690,10.);
#455=VECTOR('',#1693,10.);
#456=VECTOR('',#1694,10.);
#457=VECTOR('',#1695,10.);
#458=VECTOR('',#1698,10.);
#459=VECTOR('',#1699,10.);
#460=VECTOR('',#1700,10.);
#461=VECTOR('',#1703,10.);
#462=VECTOR('',#1704,10.);
#463=VECTOR('',#1705,10.);
#464=VECTOR('',#1708,10.);
#465=VECTOR('',#1709,10.);
#466=VECTOR('',#1710,10.);
#467=VECTOR('',#1713,10.);
#468=VECTOR('',#1714,10.);
#469=VECTOR('',#1715,10.);
#470=VECTOR('',#1718,10.);
#471=VECTOR('',#1719,10.);
#472=VECTOR('',#1720,10.);
#473=VECTOR('',#1723,10.);
#474=VECTOR('',#1724,10.);
#475=VECTOR('',#1725,10.);
#476=VECTOR('',#1728,10.);
#477=VECTOR('',#1729,10.);
#478=VECTOR('',#1730,10.);
#479=VECTOR('',#1733,10.);
#480=VECTOR('',#1734,10.);
#481=VECTOR('',#1735,10.);
#482=VECTOR('',#1736,10.);
#483=VECTOR('',#1739,10.);
#484=VECTOR('',#1740,10.);
#485=VECTOR('',#1741,10.);
#486=VECTOR('',#1744,10.);
#487=VECTOR('',#1745,10.);
#488=VECTOR('',#1746,10.);
#489=VECTOR('',#1749,10.);
#490=VECTOR('',#1750,10.);
#491=VECTOR('',#1751,10.);
#492=VECTOR('',#1754,10.);
#493=VECTOR('',#1755,10.);
#494=VECTOR('',#1756,10.);
#495=VECTOR('',#1759,10.);
#496=VECTOR('',#1760,10.);
#497=VECTOR('',#1761,10.);
#498=VECTOR('',#1764,10.);
#499=VECTOR('',#1765,10.);
#500=VECTOR('',#1766,10.);
#501=VECTOR('',#1769,10.);
#502=VECTOR('',#1770,10.);
#503=VECTOR('',#1771,10.);
#504=VECTOR('',#1774,10.);
#505=VECTOR('',#1775,10.);
#506=VECTOR('',#1776,10.);
#507=VECTOR('',#1779,10.);
#508=VECTOR('',#1780,10.);
#509=VECTOR('',#1781,10.);
#510=VECTOR('',#1784,10.);
#511=VECTOR('',#1785,10.);
#512=VECTOR('',#1786,10.);
#513=VECTOR('',#1789,10.);
#514=VECTOR('',#1790,10.);
#515=VECTOR('',#1791,10.);
#516=VECTOR('',#1794,10.);
#517=VECTOR('',#1795,10.);
#518=VECTOR('',#1796,10.);
#519=VECTOR('',#1799,10.);
#520=VECTOR('',#1800,10.);
#521=VECTOR('',#1801,10.);
#522=VECTOR('',#1804,10.);
#523=VECTOR('',#1805,10.);
#524=VECTOR('',#1806,10.);
#525=VECTOR('',#1809,10.);
#526=VECTOR('',#1810,10.);
#527=VECTOR('',#1811,10.);
#528=VECTOR('',#1814,10.);
#529=VECTOR('',#1815,10.);
#530=VECTOR('',#1816,10.);
#531=VECTOR('',#1819,10.);
#532=VECTOR('',#1820,10.);
#533=VECTOR('',#1821,10.);
#534=VECTOR('',#1824,10.);
#535=VECTOR('',#1825,10.);
#536=VECTOR('',#1826,10.);
#537=VECTOR('',#1829,10.);
#538=VECTOR('',#1830,10.);
#539=VECTOR('',#1831,10.);
#540=VECTOR('',#1834,10.);
#541=VECTOR('',#1835,10.);
#542=VECTOR('',#1836,10.);
#543=VECTOR('',#1839,10.);
#544=VECTOR('',#1840,10.);
#545=VECTOR('',#1841,10.);
#546=VECTOR('',#1844,10.);
#547=VECTOR('',#1845,10.);
#548=VECTOR('',#1846,10.);
#549=VECTOR('',#1849,10.);
#550=VECTOR('',#1850,10.);
#551=VECTOR('',#1851,10.);
#552=VECTOR('',#1854,10.);
#553=VECTOR('',#1855,10.);
#554=VECTOR('',#1856,10.);
#555=VECTOR('',#1859,10.);
#556=VECTOR('',#1860,10.);
#557=VECTOR('',#1861,10.);
#558=VECTOR('',#1864,10.);
#559=VECTOR('',#1865,10.);
#560=VECTOR('',#1866,10.);
#561=VECTOR('',#1869,10.);
#562=VECTOR('',#1870,10.);
#563=VECTOR('',#1871,10.);
#564=VECTOR('',#1872,10.);
#565=VECTOR('',#1875,10.);
#566=VECTOR('',#1876,10.);
#567=VECTOR('',#1877,10.);
#568=VECTOR('',#1880,10.);
#569=VECTOR('',#1881,10.);
#570=VECTOR('',#1892,10.);
#571=VECTOR('',#1895,10.);
#572=VECTOR('',#1906,10.);
#573=VECTOR('',#1911,0.3);
#574=VECTOR('',#1920,0.3);
#575=VECTOR('',#1933,10.);
#576=VECTOR('',#1956,10.);
#577=VECTOR('',#1957,10.);
#578=VECTOR('',#1958,10.);
#579=VECTOR('',#1963,10.);
#580=VECTOR('',#1970,10.);
#581=VECTOR('',#1971,10.);
#582=VECTOR('',#1976,10.);
#583=VECTOR('',#1981,10.);
#584=VERTEX_POINT('',#1990);
#585=VERTEX_POINT('',#1991);
#586=VERTEX_POINT('',#1993);
#587=VERTEX_POINT('',#1995);
#588=VERTEX_POINT('',#1999);
#589=VERTEX_POINT('',#2001);
#590=VERTEX_POINT('',#2005);
#591=VERTEX_POINT('',#2007);
#592=VERTEX_POINT('',#2011);
#593=VERTEX_POINT('',#2013);
#594=VERTEX_POINT('',#2017);
#595=VERTEX_POINT('',#2019);
#596=VERTEX_POINT('',#2023);
#597=VERTEX_POINT('',#2025);
#598=VERTEX_POINT('',#2029);
#599=VERTEX_POINT('',#2031);
#600=VERTEX_POINT('',#2035);
#601=VERTEX_POINT('',#2037);
#602=VERTEX_POINT('',#2041);
#603=VERTEX_POINT('',#2043);
#604=VERTEX_POINT('',#2047);
#605=VERTEX_POINT('',#2049);
#606=VERTEX_POINT('',#2053);
#607=VERTEX_POINT('',#2055);
#608=VERTEX_POINT('',#2059);
#609=VERTEX_POINT('',#2061);
#610=VERTEX_POINT('',#2065);
#611=VERTEX_POINT('',#2067);
#612=VERTEX_POINT('',#2071);
#613=VERTEX_POINT('',#2073);
#614=VERTEX_POINT('',#2077);
#615=VERTEX_POINT('',#2079);
#616=VERTEX_POINT('',#2083);
#617=VERTEX_POINT('',#2085);
#618=VERTEX_POINT('',#2089);
#619=VERTEX_POINT('',#2091);
#620=VERTEX_POINT('',#2095);
#621=VERTEX_POINT('',#2097);
#622=VERTEX_POINT('',#2101);
#623=VERTEX_POINT('',#2103);
#624=VERTEX_POINT('',#2107);
#625=VERTEX_POINT('',#2109);
#626=VERTEX_POINT('',#2113);
#627=VERTEX_POINT('',#2115);
#628=VERTEX_POINT('',#2119);
#629=VERTEX_POINT('',#2121);
#630=VERTEX_POINT('',#2125);
#631=VERTEX_POINT('',#2127);
#632=VERTEX_POINT('',#2131);
#633=VERTEX_POINT('',#2133);
#634=VERTEX_POINT('',#2137);
#635=VERTEX_POINT('',#2138);
#636=VERTEX_POINT('',#2140);
#637=VERTEX_POINT('',#2142);
#638=VERTEX_POINT('',#2146);
#639=VERTEX_POINT('',#2148);
#640=VERTEX_POINT('',#2152);
#641=VERTEX_POINT('',#2154);
#642=VERTEX_POINT('',#2158);
#643=VERTEX_POINT('',#2160);
#644=VERTEX_POINT('',#2164);
#645=VERTEX_POINT('',#2166);
#646=VERTEX_POINT('',#2170);
#647=VERTEX_POINT('',#2172);
#648=VERTEX_POINT('',#2176);
#649=VERTEX_POINT('',#2178);
#650=VERTEX_POINT('',#2182);
#651=VERTEX_POINT('',#2184);
#652=VERTEX_POINT('',#2188);
#653=VERTEX_POINT('',#2190);
#654=VERTEX_POINT('',#2194);
#655=VERTEX_POINT('',#2196);
#656=VERTEX_POINT('',#2200);
#657=VERTEX_POINT('',#2202);
#658=VERTEX_POINT('',#2206);
#659=VERTEX_POINT('',#2208);
#660=VERTEX_POINT('',#2212);
#661=VERTEX_POINT('',#2214);
#662=VERTEX_POINT('',#2218);
#663=VERTEX_POINT('',#2220);
#664=VERTEX_POINT('',#2224);
#665=VERTEX_POINT('',#2226);
#666=VERTEX_POINT('',#2230);
#667=VERTEX_POINT('',#2232);
#668=VERTEX_POINT('',#2236);
#669=VERTEX_POINT('',#2238);
#670=VERTEX_POINT('',#2242);
#671=VERTEX_POINT('',#2244);
#672=VERTEX_POINT('',#2248);
#673=VERTEX_POINT('',#2250);
#674=VERTEX_POINT('',#2254);
#675=VERTEX_POINT('',#2256);
#676=VERTEX_POINT('',#2260);
#677=VERTEX_POINT('',#2262);
#678=VERTEX_POINT('',#2266);
#679=VERTEX_POINT('',#2268);
#680=VERTEX_POINT('',#2272);
#681=VERTEX_POINT('',#2274);
#682=VERTEX_POINT('',#2278);
#683=VERTEX_POINT('',#2280);
#684=VERTEX_POINT('',#2284);
#685=VERTEX_POINT('',#2286);
#686=VERTEX_POINT('',#2290);
#687=VERTEX_POINT('',#2292);
#688=VERTEX_POINT('',#2296);
#689=VERTEX_POINT('',#2298);
#690=VERTEX_POINT('',#2302);
#691=VERTEX_POINT('',#2303);
#692=VERTEX_POINT('',#2305);
#693=VERTEX_POINT('',#2307);
#694=VERTEX_POINT('',#2311);
#695=VERTEX_POINT('',#2313);
#696=VERTEX_POINT('',#2323);
#697=VERTEX_POINT('',#2325);
#698=VERTEX_POINT('',#2327);
#699=VERTEX_POINT('',#2329);
#700=VERTEX_POINT('',#2333);
#701=VERTEX_POINT('',#2335);
#702=VERTEX_POINT('',#2337);
#703=VERTEX_POINT('',#2340);
#704=VERTEX_POINT('',#2357);
#705=VERTEX_POINT('',#2359);
#706=VERTEX_POINT('',#2364);
#707=VERTEX_POINT('',#2366);
#708=VERTEX_POINT('',#2445);
#709=VERTEX_POINT('',#2446);
#710=VERTEX_POINT('',#2448);
#711=VERTEX_POINT('',#2484);
#712=VERTEX_POINT('',#2486);
#713=VERTEX_POINT('',#2488);
#714=VERTEX_POINT('',#2566);
#715=VERTEX_POINT('',#2568);
#716=VERTEX_POINT('',#2589);
#717=VERTEX_POINT('',#2594);
#718=VERTEX_POINT('',#2599);
#719=VERTEX_POINT('',#2600);
#720=VERTEX_POINT('',#2605);
#721=VERTEX_POINT('',#2611);
#722=VERTEX_POINT('',#2615);
#723=VERTEX_POINT('',#2619);
#724=EDGE_CURVE('',#584,#585,#228,.T.);
#725=EDGE_CURVE('',#584,#586,#229,.T.);
#726=EDGE_CURVE('',#586,#587,#230,.T.);
#727=EDGE_CURVE('',#585,#587,#231,.T.);
#728=EDGE_CURVE('',#588,#584,#232,.T.);
#729=EDGE_CURVE('',#588,#589,#233,.T.);
#730=EDGE_CURVE('',#589,#586,#234,.T.);
#731=EDGE_CURVE('',#590,#588,#235,.T.);
#732=EDGE_CURVE('',#590,#591,#236,.T.);
#733=EDGE_CURVE('',#591,#589,#237,.T.);
#734=EDGE_CURVE('',#592,#590,#238,.T.);
#735=EDGE_CURVE('',#592,#593,#239,.T.);
#736=EDGE_CURVE('',#593,#591,#240,.T.);
#737=EDGE_CURVE('',#594,#592,#241,.T.);
#738=EDGE_CURVE('',#594,#595,#242,.T.);
#739=EDGE_CURVE('',#595,#593,#243,.T.);
#740=EDGE_CURVE('',#596,#594,#244,.T.);
#741=EDGE_CURVE('',#596,#597,#245,.T.);
#742=EDGE_CURVE('',#597,#595,#246,.T.);
#743=EDGE_CURVE('',#598,#596,#247,.T.);
#744=EDGE_CURVE('',#598,#599,#248,.T.);
#745=EDGE_CURVE('',#599,#597,#249,.T.);
#746=EDGE_CURVE('',#600,#598,#250,.T.);
#747=EDGE_CURVE('',#600,#601,#251,.T.);
#748=EDGE_CURVE('',#601,#599,#252,.T.);
#749=EDGE_CURVE('',#602,#600,#253,.T.);
#750=EDGE_CURVE('',#602,#603,#254,.T.);
#751=EDGE_CURVE('',#603,#601,#255,.T.);
#752=EDGE_CURVE('',#604,#602,#256,.T.);
#753=EDGE_CURVE('',#604,#605,#257,.T.);
#754=EDGE_CURVE('',#605,#603,#258,.T.);
#755=EDGE_CURVE('',#606,#604,#259,.T.);
#756=EDGE_CURVE('',#606,#607,#260,.T.);
#757=EDGE_CURVE('',#607,#605,#261,.T.);
#758=EDGE_CURVE('',#608,#606,#262,.T.);
#759=EDGE_CURVE('',#608,#609,#263,.T.);
#760=EDGE_CURVE('',#609,#607,#264,.T.);
#761=EDGE_CURVE('',#610,#608,#265,.T.);
#762=EDGE_CURVE('',#610,#611,#266,.T.);
#763=EDGE_CURVE('',#611,#609,#267,.T.);
#764=EDGE_CURVE('',#612,#610,#268,.T.);
#765=EDGE_CURVE('',#612,#613,#269,.T.);
#766=EDGE_CURVE('',#613,#611,#270,.T.);
#767=EDGE_CURVE('',#614,#612,#271,.T.);
#768=EDGE_CURVE('',#614,#615,#272,.T.);
#769=EDGE_CURVE('',#615,#613,#273,.T.);
#770=EDGE_CURVE('',#616,#614,#274,.T.);
#771=EDGE_CURVE('',#616,#617,#275,.T.);
#772=EDGE_CURVE('',#617,#615,#276,.T.);
#773=EDGE_CURVE('',#618,#616,#277,.T.);
#774=EDGE_CURVE('',#618,#619,#278,.T.);
#775=EDGE_CURVE('',#619,#617,#279,.T.);
#776=EDGE_CURVE('',#620,#618,#280,.T.);
#777=EDGE_CURVE('',#620,#621,#281,.T.);
#778=EDGE_CURVE('',#621,#619,#282,.T.);
#779=EDGE_CURVE('',#622,#620,#283,.T.);
#780=EDGE_CURVE('',#622,#623,#284,.T.);
#781=EDGE_CURVE('',#623,#621,#285,.T.);
#782=EDGE_CURVE('',#624,#622,#286,.T.);
#783=EDGE_CURVE('',#624,#625,#287,.T.);
#784=EDGE_CURVE('',#625,#623,#288,.T.);
#785=EDGE_CURVE('',#626,#624,#289,.T.);
#786=EDGE_CURVE('',#626,#627,#290,.T.);
#787=EDGE_CURVE('',#627,#625,#291,.T.);
#788=EDGE_CURVE('',#628,#626,#292,.T.);
#789=EDGE_CURVE('',#628,#629,#293,.T.);
#790=EDGE_CURVE('',#629,#627,#294,.T.);
#791=EDGE_CURVE('',#630,#628,#295,.T.);
#792=EDGE_CURVE('',#630,#631,#296,.T.);
#793=EDGE_CURVE('',#631,#629,#297,.T.);
#794=EDGE_CURVE('',#632,#630,#298,.T.);
#795=EDGE_CURVE('',#633,#632,#299,.T.);
#796=EDGE_CURVE('',#633,#631,#300,.T.);
#797=EDGE_CURVE('',#634,#635,#301,.T.);
#798=EDGE_CURVE('',#634,#636,#302,.T.);
#799=EDGE_CURVE('',#636,#637,#303,.T.);
#800=EDGE_CURVE('',#635,#637,#304,.T.);
#801=EDGE_CURVE('',#638,#634,#305,.T.);
#802=EDGE_CURVE('',#638,#639,#306,.T.);
#803=EDGE_CURVE('',#639,#636,#307,.T.);
#804=EDGE_CURVE('',#640,#638,#308,.T.);
#805=EDGE_CURVE('',#640,#641,#309,.T.);
#806=EDGE_CURVE('',#641,#639,#310,.T.);
#807=EDGE_CURVE('',#642,#640,#311,.T.);
#808=EDGE_CURVE('',#642,#643,#312,.T.);
#809=EDGE_CURVE('',#643,#641,#313,.T.);
#810=EDGE_CURVE('',#644,#642,#314,.T.);
#811=EDGE_CURVE('',#644,#645,#315,.T.);
#812=EDGE_CURVE('',#645,#643,#316,.T.);
#813=EDGE_CURVE('',#646,#644,#317,.T.);
#814=EDGE_CURVE('',#646,#647,#318,.T.);
#815=EDGE_CURVE('',#647,#645,#319,.T.);
#816=EDGE_CURVE('',#648,#646,#320,.T.);
#817=EDGE_CURVE('',#648,#649,#321,.T.);
#818=EDGE_CURVE('',#649,#647,#322,.T.);
#819=EDGE_CURVE('',#650,#648,#323,.T.);
#820=EDGE_CURVE('',#650,#651,#324,.T.);
#821=EDGE_CURVE('',#651,#649,#325,.T.);
#822=EDGE_CURVE('',#652,#650,#326,.T.);
#823=EDGE_CURVE('',#652,#653,#327,.T.);
#824=EDGE_CURVE('',#653,#651,#328,.T.);
#825=EDGE_CURVE('',#654,#652,#329,.T.);
#826=EDGE_CURVE('',#654,#655,#330,.T.);
#827=EDGE_CURVE('',#655,#653,#331,.T.);
#828=EDGE_CURVE('',#656,#654,#332,.T.);
#829=EDGE_CURVE('',#656,#657,#333,.T.);
#830=EDGE_CURVE('',#657,#655,#334,.T.);
#831=EDGE_CURVE('',#658,#656,#335,.T.);
#832=EDGE_CURVE('',#658,#659,#336,.T.);
#833=EDGE_CURVE('',#659,#657,#337,.T.);
#834=EDGE_CURVE('',#660,#658,#338,.T.);
#835=EDGE_CURVE('',#660,#661,#339,.T.);
#836=EDGE_CURVE('',#661,#659,#340,.T.);
#837=EDGE_CURVE('',#662,#660,#341,.T.);
#838=EDGE_CURVE('',#662,#663,#342,.T.);
#839=EDGE_CURVE('',#663,#661,#343,.T.);
#840=EDGE_CURVE('',#664,#662,#344,.T.);
#841=EDGE_CURVE('',#664,#665,#345,.T.);
#842=EDGE_CURVE('',#665,#663,#346,.T.);
#843=EDGE_CURVE('',#666,#664,#347,.T.);
#844=EDGE_CURVE('',#666,#667,#348,.T.);
#845=EDGE_CURVE('',#667,#665,#349,.T.);
#846=EDGE_CURVE('',#668,#666,#350,.T.);
#847=EDGE_CURVE('',#668,#669,#351,.T.);
#848=EDGE_CURVE('',#669,#667,#352,.T.);
#849=EDGE_CURVE('',#670,#668,#353,.T.);
#850=EDGE_CURVE('',#670,#671,#354,.T.);
#851=EDGE_CURVE('',#671,#669,#355,.T.);
#852=EDGE_CURVE('',#672,#670,#356,.T.);
#853=EDGE_CURVE('',#672,#673,#357,.T.);
#854=EDGE_CURVE('',#673,#671,#358,.T.);
#855=EDGE_CURVE('',#674,#672,#359,.T.);
#856=EDGE_CURVE('',#674,#675,#360,.T.);
#857=EDGE_CURVE('',#675,#673,#361,.T.);
#858=EDGE_CURVE('',#676,#674,#362,.T.);
#859=EDGE_CURVE('',#676,#677,#363,.T.);
#860=EDGE_CURVE('',#677,#675,#364,.T.);
#861=EDGE_CURVE('',#678,#676,#365,.T.);
#862=EDGE_CURVE('',#678,#679,#366,.T.);
#863=EDGE_CURVE('',#679,#677,#367,.T.);
#864=EDGE_CURVE('',#680,#678,#368,.T.);
#865=EDGE_CURVE('',#680,#681,#369,.T.);
#866=EDGE_CURVE('',#681,#679,#370,.T.);
#867=EDGE_CURVE('',#682,#680,#371,.T.);
#868=EDGE_CURVE('',#682,#683,#372,.T.);
#869=EDGE_CURVE('',#683,#681,#373,.T.);
#870=EDGE_CURVE('',#684,#682,#374,.T.);
#871=EDGE_CURVE('',#684,#685,#375,.T.);
#872=EDGE_CURVE('',#685,#683,#376,.T.);
#873=EDGE_CURVE('',#686,#684,#377,.T.);
#874=EDGE_CURVE('',#686,#687,#378,.T.);
#875=EDGE_CURVE('',#687,#685,#379,.T.);
#876=EDGE_CURVE('',#688,#686,#380,.T.);
#877=EDGE_CURVE('',#689,#688,#381,.T.);
#878=EDGE_CURVE('',#689,#687,#382,.T.);
#879=EDGE_CURVE('',#690,#691,#383,.T.);
#880=EDGE_CURVE('',#690,#692,#384,.T.);
#881=EDGE_CURVE('',#692,#693,#385,.T.);
#882=EDGE_CURVE('',#691,#693,#386,.T.);
#883=EDGE_CURVE('',#694,#690,#387,.T.);
#884=EDGE_CURVE('',#694,#695,#388,.T.);
#885=EDGE_CURVE('',#695,#692,#389,.T.);
#886=EDGE_CURVE('',#585,#694,#390,.T.);
#887=EDGE_CURVE('',#587,#695,#391,.T.);
#888=EDGE_CURVE('',#637,#633,#36,.T.);
#889=EDGE_CURVE('',#693,#689,#37,.T.);
#890=EDGE_CURVE('',#696,#632,#38,.T.);
#891=EDGE_CURVE('',#697,#696,#392,.T.);
#892=EDGE_CURVE('',#697,#698,#39,.T.);
#893=EDGE_CURVE('',#698,#699,#393,.T.);
#894=EDGE_CURVE('',#635,#699,#40,.T.);
#895=EDGE_CURVE('',#691,#700,#41,.T.);
#896=EDGE_CURVE('',#700,#701,#42,.T.);
#897=EDGE_CURVE('',#701,#702,#43,.T.);
#898=EDGE_CURVE('',#702,#696,#394,.T.);
#899=EDGE_CURVE('',#703,#703,#22,.T.);
#900=EDGE_CURVE('',#704,#704,#44,.T.);
#901=EDGE_CURVE('',#704,#705,#395,.T.);
#902=EDGE_CURVE('',#705,#705,#45,.T.);
#903=EDGE_CURVE('',#706,#706,#46,.T.);
#904=EDGE_CURVE('',#706,#707,#396,.T.);
#905=EDGE_CURVE('',#707,#707,#47,.T.);
#906=EDGE_CURVE('',#708,#709,#48,.T.);
#907=EDGE_CURVE('',#709,#710,#23,.T.);
#908=EDGE_CURVE('',#710,#709,#24,.T.);
#909=EDGE_CURVE('',#708,#708,#25,.T.);
#910=EDGE_CURVE('',#699,#711,#49,.T.);
#911=EDGE_CURVE('',#711,#712,#50,.T.);
#912=EDGE_CURVE('',#712,#713,#397,.T.);
#913=EDGE_CURVE('',#713,#688,#51,.T.);
#914=EDGE_CURVE('',#703,#714,#52,.T.);
#915=EDGE_CURVE('',#714,#715,#26,.T.);
#916=EDGE_CURVE('',#715,#714,#27,.T.);
#917=EDGE_CURVE('',#716,#716,#53,.T.);
#918=EDGE_CURVE('',#716,#715,#54,.T.);
#919=EDGE_CURVE('',#717,#717,#55,.T.);
#920=EDGE_CURVE('',#717,#710,#56,.T.);
#921=EDGE_CURVE('',#718,#719,#398,.T.);
#922=EDGE_CURVE('',#718,#713,#399,.T.);
#923=EDGE_CURVE('',#719,#712,#400,.T.);
#924=EDGE_CURVE('',#720,#719,#57,.T.);
#925=EDGE_CURVE('',#720,#711,#401,.T.);
#926=EDGE_CURVE('',#698,#720,#58,.T.);
#927=EDGE_CURVE('',#697,#721,#402,.T.);
#928=EDGE_CURVE('',#721,#702,#403,.T.);
#929=EDGE_CURVE('',#722,#721,#59,.T.);
#930=EDGE_CURVE('',#722,#701,#404,.T.);
#931=EDGE_CURVE('',#723,#722,#60,.T.);
#932=EDGE_CURVE('',#723,#700,#405,.T.);
#933=EDGE_CURVE('',#718,#723,#61,.T.);
#934=ORIENTED_EDGE('',*,*,#724,.F.);
#935=ORIENTED_EDGE('',*,*,#725,.T.);
#936=ORIENTED_EDGE('',*,*,#726,.T.);
#937=ORIENTED_EDGE('',*,*,#727,.F.);
#938=ORIENTED_EDGE('',*,*,#728,.F.);
#939=ORIENTED_EDGE('',*,*,#729,.T.);
#940=ORIENTED_EDGE('',*,*,#730,.T.);
#941=ORIENTED_EDGE('',*,*,#725,.F.);
#942=ORIENTED_EDGE('',*,*,#731,.F.);
#943=ORIENTED_EDGE('',*,*,#732,.T.);
#944=ORIENTED_EDGE('',*,*,#733,.T.);
#945=ORIENTED_EDGE('',*,*,#729,.F.);
#946=ORIENTED_EDGE('',*,*,#734,.F.);
#947=ORIENTED_EDGE('',*,*,#735,.T.);
#948=ORIENTED_EDGE('',*,*,#736,.T.);
#949=ORIENTED_EDGE('',*,*,#732,.F.);
#950=ORIENTED_EDGE('',*,*,#737,.F.);
#951=ORIENTED_EDGE('',*,*,#738,.T.);
#952=ORIENTED_EDGE('',*,*,#739,.T.);
#953=ORIENTED_EDGE('',*,*,#735,.F.);
#954=ORIENTED_EDGE('',*,*,#740,.F.);
#955=ORIENTED_EDGE('',*,*,#741,.T.);
#956=ORIENTED_EDGE('',*,*,#742,.T.);
#957=ORIENTED_EDGE('',*,*,#738,.F.);
#958=ORIENTED_EDGE('',*,*,#743,.F.);
#959=ORIENTED_EDGE('',*,*,#744,.T.);
#960=ORIENTED_EDGE('',*,*,#745,.T.);
#961=ORIENTED_EDGE('',*,*,#741,.F.);
#962=ORIENTED_EDGE('',*,*,#746,.F.);
#963=ORIENTED_EDGE('',*,*,#747,.T.);
#964=ORIENTED_EDGE('',*,*,#748,.T.);
#965=ORIENTED_EDGE('',*,*,#744,.F.);
#966=ORIENTED_EDGE('',*,*,#749,.F.);
#967=ORIENTED_EDGE('',*,*,#750,.T.);
#968=ORIENTED_EDGE('',*,*,#751,.T.);
#969=ORIENTED_EDGE('',*,*,#747,.F.);
#970=ORIENTED_EDGE('',*,*,#752,.F.);
#971=ORIENTED_EDGE('',*,*,#753,.T.);
#972=ORIENTED_EDGE('',*,*,#754,.T.);
#973=ORIENTED_EDGE('',*,*,#750,.F.);
#974=ORIENTED_EDGE('',*,*,#755,.F.);
#975=ORIENTED_EDGE('',*,*,#756,.T.);
#976=ORIENTED_EDGE('',*,*,#757,.T.);
#977=ORIENTED_EDGE('',*,*,#753,.F.);
#978=ORIENTED_EDGE('',*,*,#758,.F.);
#979=ORIENTED_EDGE('',*,*,#759,.T.);
#980=ORIENTED_EDGE('',*,*,#760,.T.);
#981=ORIENTED_EDGE('',*,*,#756,.F.);
#982=ORIENTED_EDGE('',*,*,#761,.F.);
#983=ORIENTED_EDGE('',*,*,#762,.T.);
#984=ORIENTED_EDGE('',*,*,#763,.T.);
#985=ORIENTED_EDGE('',*,*,#759,.F.);
#986=ORIENTED_EDGE('',*,*,#764,.F.);
#987=ORIENTED_EDGE('',*,*,#765,.T.);
#988=ORIENTED_EDGE('',*,*,#766,.T.);
#989=ORIENTED_EDGE('',*,*,#762,.F.);
#990=ORIENTED_EDGE('',*,*,#767,.F.);
#991=ORIENTED_EDGE('',*,*,#768,.T.);
#992=ORIENTED_EDGE('',*,*,#769,.T.);
#993=ORIENTED_EDGE('',*,*,#765,.F.);
#994=ORIENTED_EDGE('',*,*,#770,.F.);
#995=ORIENTED_EDGE('',*,*,#771,.T.);
#996=ORIENTED_EDGE('',*,*,#772,.T.);
#997=ORIENTED_EDGE('',*,*,#768,.F.);
#998=ORIENTED_EDGE('',*,*,#773,.F.);
#999=ORIENTED_EDGE('',*,*,#774,.T.);
#1000=ORIENTED_EDGE('',*,*,#775,.T.);
#1001=ORIENTED_EDGE('',*,*,#771,.F.);
#1002=ORIENTED_EDGE('',*,*,#776,.F.);
#1003=ORIENTED_EDGE('',*,*,#777,.T.);
#1004=ORIENTED_EDGE('',*,*,#778,.T.);
#1005=ORIENTED_EDGE('',*,*,#774,.F.);
#1006=ORIENTED_EDGE('',*,*,#779,.F.);
#1007=ORIENTED_EDGE('',*,*,#780,.T.);
#1008=ORIENTED_EDGE('',*,*,#781,.T.);
#1009=ORIENTED_EDGE('',*,*,#777,.F.);
#1010=ORIENTED_EDGE('',*,*,#782,.F.);
#1011=ORIENTED_EDGE('',*,*,#783,.T.);
#1012=ORIENTED_EDGE('',*,*,#784,.T.);
#1013=ORIENTED_EDGE('',*,*,#780,.F.);
#1014=ORIENTED_EDGE('',*,*,#785,.F.);
#1015=ORIENTED_EDGE('',*,*,#786,.T.);
#1016=ORIENTED_EDGE('',*,*,#787,.T.);
#1017=ORIENTED_EDGE('',*,*,#783,.F.);
#1018=ORIENTED_EDGE('',*,*,#788,.F.);
#1019=ORIENTED_EDGE('',*,*,#789,.T.);
#1020=ORIENTED_EDGE('',*,*,#790,.T.);
#1021=ORIENTED_EDGE('',*,*,#786,.F.);
#1022=ORIENTED_EDGE('',*,*,#791,.F.);
#1023=ORIENTED_EDGE('',*,*,#792,.T.);
#1024=ORIENTED_EDGE('',*,*,#793,.T.);
#1025=ORIENTED_EDGE('',*,*,#789,.F.);
#1026=ORIENTED_EDGE('',*,*,#794,.F.);
#1027=ORIENTED_EDGE('',*,*,#795,.F.);
#1028=ORIENTED_EDGE('',*,*,#796,.T.);
#1029=ORIENTED_EDGE('',*,*,#792,.F.);
#1030=ORIENTED_EDGE('',*,*,#797,.F.);
#1031=ORIENTED_EDGE('',*,*,#798,.T.);
#1032=ORIENTED_EDGE('',*,*,#799,.T.);
#1033=ORIENTED_EDGE('',*,*,#800,.F.);
#1034=ORIENTED_EDGE('',*,*,#801,.F.);
#1035=ORIENTED_EDGE('',*,*,#802,.T.);
#1036=ORIENTED_EDGE('',*,*,#803,.T.);
#1037=ORIENTED_EDGE('',*,*,#798,.F.);
#1038=ORIENTED_EDGE('',*,*,#804,.F.);
#1039=ORIENTED_EDGE('',*,*,#805,.T.);
#1040=ORIENTED_EDGE('',*,*,#806,.T.);
#1041=ORIENTED_EDGE('',*,*,#802,.F.);
#1042=ORIENTED_EDGE('',*,*,#807,.F.);
#1043=ORIENTED_EDGE('',*,*,#808,.T.);
#1044=ORIENTED_EDGE('',*,*,#809,.T.);
#1045=ORIENTED_EDGE('',*,*,#805,.F.);
#1046=ORIENTED_EDGE('',*,*,#810,.F.);
#1047=ORIENTED_EDGE('',*,*,#811,.T.);
#1048=ORIENTED_EDGE('',*,*,#812,.T.);
#1049=ORIENTED_EDGE('',*,*,#808,.F.);
#1050=ORIENTED_EDGE('',*,*,#813,.F.);
#1051=ORIENTED_EDGE('',*,*,#814,.T.);
#1052=ORIENTED_EDGE('',*,*,#815,.T.);
#1053=ORIENTED_EDGE('',*,*,#811,.F.);
#1054=ORIENTED_EDGE('',*,*,#816,.F.);
#1055=ORIENTED_EDGE('',*,*,#817,.T.);
#1056=ORIENTED_EDGE('',*,*,#818,.T.);
#1057=ORIENTED_EDGE('',*,*,#814,.F.);
#1058=ORIENTED_EDGE('',*,*,#819,.F.);
#1059=ORIENTED_EDGE('',*,*,#820,.T.);
#1060=ORIENTED_EDGE('',*,*,#821,.T.);
#1061=ORIENTED_EDGE('',*,*,#817,.F.);
#1062=ORIENTED_EDGE('',*,*,#822,.F.);
#1063=ORIENTED_EDGE('',*,*,#823,.T.);
#1064=ORIENTED_EDGE('',*,*,#824,.T.);
#1065=ORIENTED_EDGE('',*,*,#820,.F.);
#1066=ORIENTED_EDGE('',*,*,#825,.F.);
#1067=ORIENTED_EDGE('',*,*,#826,.T.);
#1068=ORIENTED_EDGE('',*,*,#827,.T.);
#1069=ORIENTED_EDGE('',*,*,#823,.F.);
#1070=ORIENTED_EDGE('',*,*,#828,.F.);
#1071=ORIENTED_EDGE('',*,*,#829,.T.);
#1072=ORIENTED_EDGE('',*,*,#830,.T.);
#1073=ORIENTED_EDGE('',*,*,#826,.F.);
#1074=ORIENTED_EDGE('',*,*,#831,.F.);
#1075=ORIENTED_EDGE('',*,*,#832,.T.);
#1076=ORIENTED_EDGE('',*,*,#833,.T.);
#1077=ORIENTED_EDGE('',*,*,#829,.F.);
#1078=ORIENTED_EDGE('',*,*,#834,.F.);
#1079=ORIENTED_EDGE('',*,*,#835,.T.);
#1080=ORIENTED_EDGE('',*,*,#836,.T.);
#1081=ORIENTED_EDGE('',*,*,#832,.F.);
#1082=ORIENTED_EDGE('',*,*,#837,.F.);
#1083=ORIENTED_EDGE('',*,*,#838,.T.);
#1084=ORIENTED_EDGE('',*,*,#839,.T.);
#1085=ORIENTED_EDGE('',*,*,#835,.F.);
#1086=ORIENTED_EDGE('',*,*,#840,.F.);
#1087=ORIENTED_EDGE('',*,*,#841,.T.);
#1088=ORIENTED_EDGE('',*,*,#842,.T.);
#1089=ORIENTED_EDGE('',*,*,#838,.F.);
#1090=ORIENTED_EDGE('',*,*,#843,.F.);
#1091=ORIENTED_EDGE('',*,*,#844,.T.);
#1092=ORIENTED_EDGE('',*,*,#845,.T.);
#1093=ORIENTED_EDGE('',*,*,#841,.F.);
#1094=ORIENTED_EDGE('',*,*,#846,.F.);
#1095=ORIENTED_EDGE('',*,*,#847,.T.);
#1096=ORIENTED_EDGE('',*,*,#848,.T.);
#1097=ORIENTED_EDGE('',*,*,#844,.F.);
#1098=ORIENTED_EDGE('',*,*,#849,.F.);
#1099=ORIENTED_EDGE('',*,*,#850,.T.);
#1100=ORIENTED_EDGE('',*,*,#851,.T.);
#1101=ORIENTED_EDGE('',*,*,#847,.F.);
#1102=ORIENTED_EDGE('',*,*,#852,.F.);
#1103=ORIENTED_EDGE('',*,*,#853,.T.);
#1104=ORIENTED_EDGE('',*,*,#854,.T.);
#1105=ORIENTED_EDGE('',*,*,#850,.F.);
#1106=ORIENTED_EDGE('',*,*,#855,.F.);
#1107=ORIENTED_EDGE('',*,*,#856,.T.);
#1108=ORIENTED_EDGE('',*,*,#857,.T.);
#1109=ORIENTED_EDGE('',*,*,#853,.F.);
#1110=ORIENTED_EDGE('',*,*,#858,.F.);
#1111=ORIENTED_EDGE('',*,*,#859,.T.);
#1112=ORIENTED_EDGE('',*,*,#860,.T.);
#1113=ORIENTED_EDGE('',*,*,#856,.F.);
#1114=ORIENTED_EDGE('',*,*,#861,.F.);
#1115=ORIENTED_EDGE('',*,*,#862,.T.);
#1116=ORIENTED_EDGE('',*,*,#863,.T.);
#1117=ORIENTED_EDGE('',*,*,#859,.F.);
#1118=ORIENTED_EDGE('',*,*,#864,.F.);
#1119=ORIENTED_EDGE('',*,*,#865,.T.);
#1120=ORIENTED_EDGE('',*,*,#866,.T.);
#1121=ORIENTED_EDGE('',*,*,#862,.F.);
#1122=ORIENTED_EDGE('',*,*,#867,.F.);
#1123=ORIENTED_EDGE('',*,*,#868,.T.);
#1124=ORIENTED_EDGE('',*,*,#869,.T.);
#1125=ORIENTED_EDGE('',*,*,#865,.F.);
#1126=ORIENTED_EDGE('',*,*,#870,.F.);
#1127=ORIENTED_EDGE('',*,*,#871,.T.);
#1128=ORIENTED_EDGE('',*,*,#872,.T.);
#1129=ORIENTED_EDGE('',*,*,#868,.F.);
#1130=ORIENTED_EDGE('',*,*,#873,.F.);
#1131=ORIENTED_EDGE('',*,*,#874,.T.);
#1132=ORIENTED_EDGE('',*,*,#875,.T.);
#1133=ORIENTED_EDGE('',*,*,#871,.F.);
#1134=ORIENTED_EDGE('',*,*,#876,.F.);
#1135=ORIENTED_EDGE('',*,*,#877,.F.);
#1136=ORIENTED_EDGE('',*,*,#878,.T.);
#1137=ORIENTED_EDGE('',*,*,#874,.F.);
#1138=ORIENTED_EDGE('',*,*,#879,.F.);
#1139=ORIENTED_EDGE('',*,*,#880,.T.);
#1140=ORIENTED_EDGE('',*,*,#881,.T.);
#1141=ORIENTED_EDGE('',*,*,#882,.F.);
#1142=ORIENTED_EDGE('',*,*,#883,.F.);
#1143=ORIENTED_EDGE('',*,*,#884,.T.);
#1144=ORIENTED_EDGE('',*,*,#885,.T.);
#1145=ORIENTED_EDGE('',*,*,#880,.F.);
#1146=ORIENTED_EDGE('',*,*,#886,.F.);
#1147=ORIENTED_EDGE('',*,*,#727,.T.);
#1148=ORIENTED_EDGE('',*,*,#887,.T.);
#1149=ORIENTED_EDGE('',*,*,#884,.F.);
#1150=ORIENTED_EDGE('',*,*,#887,.F.);
#1151=ORIENTED_EDGE('',*,*,#726,.F.);
#1152=ORIENTED_EDGE('',*,*,#730,.F.);
#1153=ORIENTED_EDGE('',*,*,#733,.F.);
#1154=ORIENTED_EDGE('',*,*,#736,.F.);
#1155=ORIENTED_EDGE('',*,*,#739,.F.);
#1156=ORIENTED_EDGE('',*,*,#742,.F.);
#1157=ORIENTED_EDGE('',*,*,#745,.F.);
#1158=ORIENTED_EDGE('',*,*,#748,.F.);
#1159=ORIENTED_EDGE('',*,*,#751,.F.);
#1160=ORIENTED_EDGE('',*,*,#754,.F.);
#1161=ORIENTED_EDGE('',*,*,#757,.F.);
#1162=ORIENTED_EDGE('',*,*,#760,.F.);
#1163=ORIENTED_EDGE('',*,*,#763,.F.);
#1164=ORIENTED_EDGE('',*,*,#766,.F.);
#1165=ORIENTED_EDGE('',*,*,#769,.F.);
#1166=ORIENTED_EDGE('',*,*,#772,.F.);
#1167=ORIENTED_EDGE('',*,*,#775,.F.);
#1168=ORIENTED_EDGE('',*,*,#778,.F.);
#1169=ORIENTED_EDGE('',*,*,#781,.F.);
#1170=ORIENTED_EDGE('',*,*,#784,.F.);
#1171=ORIENTED_EDGE('',*,*,#787,.F.);
#1172=ORIENTED_EDGE('',*,*,#790,.F.);
#1173=ORIENTED_EDGE('',*,*,#793,.F.);
#1174=ORIENTED_EDGE('',*,*,#796,.F.);
#1175=ORIENTED_EDGE('',*,*,#888,.F.);
#1176=ORIENTED_EDGE('',*,*,#799,.F.);
#1177=ORIENTED_EDGE('',*,*,#803,.F.);
#1178=ORIENTED_EDGE('',*,*,#806,.F.);
#1179=ORIENTED_EDGE('',*,*,#809,.F.);
#1180=ORIENTED_EDGE('',*,*,#812,.F.);
#1181=ORIENTED_EDGE('',*,*,#815,.F.);
#1182=ORIENTED_EDGE('',*,*,#818,.F.);
#1183=ORIENTED_EDGE('',*,*,#821,.F.);
#1184=ORIENTED_EDGE('',*,*,#824,.F.);
#1185=ORIENTED_EDGE('',*,*,#827,.F.);
#1186=ORIENTED_EDGE('',*,*,#830,.F.);
#1187=ORIENTED_EDGE('',*,*,#833,.F.);
#1188=ORIENTED_EDGE('',*,*,#836,.F.);
#1189=ORIENTED_EDGE('',*,*,#839,.F.);
#1190=ORIENTED_EDGE('',*,*,#842,.F.);
#1191=ORIENTED_EDGE('',*,*,#845,.F.);
#1192=ORIENTED_EDGE('',*,*,#848,.F.);
#1193=ORIENTED_EDGE('',*,*,#851,.F.);
#1194=ORIENTED_EDGE('',*,*,#854,.F.);
#1195=ORIENTED_EDGE('',*,*,#857,.F.);
#1196=ORIENTED_EDGE('',*,*,#860,.F.);
#1197=ORIENTED_EDGE('',*,*,#863,.F.);
#1198=ORIENTED_EDGE('',*,*,#866,.F.);
#1199=ORIENTED_EDGE('',*,*,#869,.F.);
#1200=ORIENTED_EDGE('',*,*,#872,.F.);
#1201=ORIENTED_EDGE('',*,*,#875,.F.);
#1202=ORIENTED_EDGE('',*,*,#878,.F.);
#1203=ORIENTED_EDGE('',*,*,#889,.F.);
#1204=ORIENTED_EDGE('',*,*,#881,.F.);
#1205=ORIENTED_EDGE('',*,*,#885,.F.);
#1206=ORIENTED_EDGE('',*,*,#800,.T.);
#1207=ORIENTED_EDGE('',*,*,#888,.T.);
#1208=ORIENTED_EDGE('',*,*,#795,.T.);
#1209=ORIENTED_EDGE('',*,*,#890,.F.);
#1210=ORIENTED_EDGE('',*,*,#891,.F.);
#1211=ORIENTED_EDGE('',*,*,#892,.T.);
#1212=ORIENTED_EDGE('',*,*,#893,.T.);
#1213=ORIENTED_EDGE('',*,*,#894,.F.);
#1214=ORIENTED_EDGE('',*,*,#794,.T.);
#1215=ORIENTED_EDGE('',*,*,#791,.T.);
#1216=ORIENTED_EDGE('',*,*,#788,.T.);
#1217=ORIENTED_EDGE('',*,*,#785,.T.);
#1218=ORIENTED_EDGE('',*,*,#782,.T.);
#1219=ORIENTED_EDGE('',*,*,#779,.T.);
#1220=ORIENTED_EDGE('',*,*,#776,.T.);
#1221=ORIENTED_EDGE('',*,*,#773,.T.);
#1222=ORIENTED_EDGE('',*,*,#770,.T.);
#1223=ORIENTED_EDGE('',*,*,#767,.T.);
#1224=ORIENTED_EDGE('',*,*,#764,.T.);
#1225=ORIENTED_EDGE('',*,*,#761,.T.);
#1226=ORIENTED_EDGE('',*,*,#758,.T.);
#1227=ORIENTED_EDGE('',*,*,#755,.T.);
#1228=ORIENTED_EDGE('',*,*,#752,.T.);
#1229=ORIENTED_EDGE('',*,*,#749,.T.);
#1230=ORIENTED_EDGE('',*,*,#746,.T.);
#1231=ORIENTED_EDGE('',*,*,#743,.T.);
#1232=ORIENTED_EDGE('',*,*,#740,.T.);
#1233=ORIENTED_EDGE('',*,*,#737,.T.);
#1234=ORIENTED_EDGE('',*,*,#734,.T.);
#1235=ORIENTED_EDGE('',*,*,#731,.T.);
#1236=ORIENTED_EDGE('',*,*,#728,.T.);
#1237=ORIENTED_EDGE('',*,*,#724,.T.);
#1238=ORIENTED_EDGE('',*,*,#886,.T.);
#1239=ORIENTED_EDGE('',*,*,#883,.T.);
#1240=ORIENTED_EDGE('',*,*,#879,.T.);
#1241=ORIENTED_EDGE('',*,*,#895,.T.);
#1242=ORIENTED_EDGE('',*,*,#896,.T.);
#1243=ORIENTED_EDGE('',*,*,#897,.T.);
#1244=ORIENTED_EDGE('',*,*,#898,.T.);
#1245=ORIENTED_EDGE('',*,*,#890,.T.);
#1246=ORIENTED_EDGE('',*,*,#899,.F.);
#1247=ORIENTED_EDGE('',*,*,#900,.F.);
#1248=ORIENTED_EDGE('',*,*,#901,.T.);
#1249=ORIENTED_EDGE('',*,*,#902,.F.);
#1250=ORIENTED_EDGE('',*,*,#901,.F.);
#1251=ORIENTED_EDGE('',*,*,#900,.T.);
#1252=ORIENTED_EDGE('',*,*,#903,.F.);
#1253=ORIENTED_EDGE('',*,*,#904,.T.);
#1254=ORIENTED_EDGE('',*,*,#905,.F.);
#1255=ORIENTED_EDGE('',*,*,#904,.F.);
#1256=ORIENTED_EDGE('',*,*,#903,.T.);
#1257=ORIENTED_EDGE('',*,*,#906,.T.);
#1258=ORIENTED_EDGE('',*,*,#907,.T.);
#1259=ORIENTED_EDGE('',*,*,#908,.T.);
#1260=ORIENTED_EDGE('',*,*,#906,.F.);
#1261=ORIENTED_EDGE('',*,*,#909,.T.);
#1262=ORIENTED_EDGE('',*,*,#797,.T.);
#1263=ORIENTED_EDGE('',*,*,#894,.T.);
#1264=ORIENTED_EDGE('',*,*,#910,.T.);
#1265=ORIENTED_EDGE('',*,*,#911,.T.);
#1266=ORIENTED_EDGE('',*,*,#912,.T.);
#1267=ORIENTED_EDGE('',*,*,#913,.T.);
#1268=ORIENTED_EDGE('',*,*,#876,.T.);
#1269=ORIENTED_EDGE('',*,*,#873,.T.);
#1270=ORIENTED_EDGE('',*,*,#870,.T.);
#1271=ORIENTED_EDGE('',*,*,#867,.T.);
#1272=ORIENTED_EDGE('',*,*,#864,.T.);
#1273=ORIENTED_EDGE('',*,*,#861,.T.);
#1274=ORIENTED_EDGE('',*,*,#858,.T.);
#1275=ORIENTED_EDGE('',*,*,#855,.T.);
#1276=ORIENTED_EDGE('',*,*,#852,.T.);
#1277=ORIENTED_EDGE('',*,*,#849,.T.);
#1278=ORIENTED_EDGE('',*,*,#846,.T.);
#1279=ORIENTED_EDGE('',*,*,#843,.T.);
#1280=ORIENTED_EDGE('',*,*,#840,.T.);
#1281=ORIENTED_EDGE('',*,*,#837,.T.);
#1282=ORIENTED_EDGE('',*,*,#834,.T.);
#1283=ORIENTED_EDGE('',*,*,#831,.T.);
#1284=ORIENTED_EDGE('',*,*,#828,.T.);
#1285=ORIENTED_EDGE('',*,*,#825,.T.);
#1286=ORIENTED_EDGE('',*,*,#822,.T.);
#1287=ORIENTED_EDGE('',*,*,#819,.T.);
#1288=ORIENTED_EDGE('',*,*,#816,.T.);
#1289=ORIENTED_EDGE('',*,*,#813,.T.);
#1290=ORIENTED_EDGE('',*,*,#810,.T.);
#1291=ORIENTED_EDGE('',*,*,#807,.T.);
#1292=ORIENTED_EDGE('',*,*,#804,.T.);
#1293=ORIENTED_EDGE('',*,*,#801,.T.);
#1294=ORIENTED_EDGE('',*,*,#909,.F.);
#1295=ORIENTED_EDGE('',*,*,#914,.T.);
#1296=ORIENTED_EDGE('',*,*,#915,.T.);
#1297=ORIENTED_EDGE('',*,*,#916,.T.);
#1298=ORIENTED_EDGE('',*,*,#914,.F.);
#1299=ORIENTED_EDGE('',*,*,#899,.T.);
#1300=ORIENTED_EDGE('',*,*,#917,.T.);
#1301=ORIENTED_EDGE('',*,*,#918,.T.);
#1302=ORIENTED_EDGE('',*,*,#915,.F.);
#1303=ORIENTED_EDGE('',*,*,#916,.F.);
#1304=ORIENTED_EDGE('',*,*,#918,.F.);
#1305=ORIENTED_EDGE('',*,*,#917,.F.);
#1306=ORIENTED_EDGE('',*,*,#919,.T.);
#1307=ORIENTED_EDGE('',*,*,#920,.T.);
#1308=ORIENTED_EDGE('',*,*,#907,.F.);
#1309=ORIENTED_EDGE('',*,*,#908,.F.);
#1310=ORIENTED_EDGE('',*,*,#920,.F.);
#1311=ORIENTED_EDGE('',*,*,#919,.F.);
#1312=ORIENTED_EDGE('',*,*,#921,.F.);
#1313=ORIENTED_EDGE('',*,*,#922,.T.);
#1314=ORIENTED_EDGE('',*,*,#912,.F.);
#1315=ORIENTED_EDGE('',*,*,#923,.F.);
#1316=ORIENTED_EDGE('',*,*,#924,.T.);
#1317=ORIENTED_EDGE('',*,*,#923,.T.);
#1318=ORIENTED_EDGE('',*,*,#911,.F.);
#1319=ORIENTED_EDGE('',*,*,#925,.F.);
#1320=ORIENTED_EDGE('',*,*,#926,.T.);
#1321=ORIENTED_EDGE('',*,*,#925,.T.);
#1322=ORIENTED_EDGE('',*,*,#910,.F.);
#1323=ORIENTED_EDGE('',*,*,#893,.F.);
#1324=ORIENTED_EDGE('',*,*,#927,.F.);
#1325=ORIENTED_EDGE('',*,*,#891,.T.);
#1326=ORIENTED_EDGE('',*,*,#898,.F.);
#1327=ORIENTED_EDGE('',*,*,#928,.F.);
#1328=ORIENTED_EDGE('',*,*,#929,.T.);
#1329=ORIENTED_EDGE('',*,*,#928,.T.);
#1330=ORIENTED_EDGE('',*,*,#897,.F.);
#1331=ORIENTED_EDGE('',*,*,#930,.F.);
#1332=ORIENTED_EDGE('',*,*,#931,.T.);
#1333=ORIENTED_EDGE('',*,*,#930,.T.);
#1334=ORIENTED_EDGE('',*,*,#896,.F.);
#1335=ORIENTED_EDGE('',*,*,#932,.F.);
#1336=ORIENTED_EDGE('',*,*,#877,.T.);
#1337=ORIENTED_EDGE('',*,*,#913,.F.);
#1338=ORIENTED_EDGE('',*,*,#922,.F.);
#1339=ORIENTED_EDGE('',*,*,#933,.T.);
#1340=ORIENTED_EDGE('',*,*,#932,.T.);
#1341=ORIENTED_EDGE('',*,*,#895,.F.);
#1342=ORIENTED_EDGE('',*,*,#882,.T.);
#1343=ORIENTED_EDGE('',*,*,#889,.T.);
#1344=ORIENTED_EDGE('',*,*,#933,.F.);
#1345=ORIENTED_EDGE('',*,*,#921,.T.);
#1346=ORIENTED_EDGE('',*,*,#924,.F.);
#1347=ORIENTED_EDGE('',*,*,#926,.F.);
#1348=ORIENTED_EDGE('',*,*,#892,.F.);
#1349=ORIENTED_EDGE('',*,*,#927,.T.);
#1350=ORIENTED_EDGE('',*,*,#929,.F.);
#1351=ORIENTED_EDGE('',*,*,#931,.F.);
#1352=ORIENTED_EDGE('',*,*,#902,.T.);
#1353=ORIENTED_EDGE('',*,*,#905,.T.);
#1354=PLANE('',#1508);
#1355=PLANE('',#1509);
#1356=PLANE('',#1510);
#1357=PLANE('',#1511);
#1358=PLANE('',#1512);
#1359=PLANE('',#1513);
#1360=PLANE('',#1514);
#1361=PLANE('',#1515);
#1362=PLANE('',#1516);
#1363=PLANE('',#1517);
#1364=PLANE('',#1518);
#1365=PLANE('',#1519);
#1366=PLANE('',#1520);
#1367=PLANE('',#1521);
#1368=PLANE('',#1522);
#1369=PLANE('',#1523);
#1370=PLANE('',#1524);
#1371=PLANE('',#1525);
#1372=PLANE('',#1526);
#1373=PLANE('',#1527);
#1374=PLANE('',#1528);
#1375=PLANE('',#1529);
#1376=PLANE('',#1530);
#1377=PLANE('',#1531);
#1378=PLANE('',#1532);
#1379=PLANE('',#1533);
#1380=PLANE('',#1534);
#1381=PLANE('',#1535);
#1382=PLANE('',#1536);
#1383=PLANE('',#1537);
#1384=PLANE('',#1538);
#1385=PLANE('',#1539);
#1386=PLANE('',#1540);
#1387=PLANE('',#1541);
#1388=PLANE('',#1542);
#1389=PLANE('',#1543);
#1390=PLANE('',#1544);
#1391=PLANE('',#1545);
#1392=PLANE('',#1546);
#1393=PLANE('',#1547);
#1394=PLANE('',#1548);
#1395=PLANE('',#1549);
#1396=PLANE('',#1550);
#1397=PLANE('',#1551);
#1398=PLANE('',#1552);
#1399=PLANE('',#1553);
#1400=PLANE('',#1554);
#1401=PLANE('',#1555);
#1402=PLANE('',#1556);
#1403=PLANE('',#1557);
#1404=PLANE('',#1558);
#1405=PLANE('',#1559);
#1406=PLANE('',#1560);
#1407=PLANE('',#1561);
#1408=PLANE('',#1562);
#1409=PLANE('',#1569);
#1410=PLANE('',#1576);
#1411=PLANE('',#1580);
#1412=PLANE('',#1582);
#1413=PLANE('',#1590);
#1414=PLANE('',#1594);
#1415=PLANE('',#1595);
#1416=PLANE('',#1600);
#1417=PLANE('',#1607);
#1418=ADVANCED_FACE('',(#72),#1354,.F.);
#1419=ADVANCED_FACE('',(#73),#1355,.F.);
#1420=ADVANCED_FACE('',(#74),#1356,.F.);
#1421=ADVANCED_FACE('',(#75),#1357,.F.);
#1422=ADVANCED_FACE('',(#76),#1358,.F.);
#1423=ADVANCED_FACE('',(#77),#1359,.F.);
#1424=ADVANCED_FACE('',(#78),#1360,.F.);
#1425=ADVANCED_FACE('',(#79),#1361,.F.);
#1426=ADVANCED_FACE('',(#80),#1362,.F.);
#1427=ADVANCED_FACE('',(#81),#1363,.F.);
#1428=ADVANCED_FACE('',(#82),#1364,.F.);
#1429=ADVANCED_FACE('',(#83),#1365,.F.);
#1430=ADVANCED_FACE('',(#84),#1366,.F.);
#1431=ADVANCED_FACE('',(#85),#1367,.F.);
#1432=ADVANCED_FACE('',(#86),#1368,.F.);
#1433=ADVANCED_FACE('',(#87),#1369,.F.);
#1434=ADVANCED_FACE('',(#88),#1370,.F.);
#1435=ADVANCED_FACE('',(#89),#1371,.F.);
#1436=ADVANCED_FACE('',(#90),#1372,.F.);
#1437=ADVANCED_FACE('',(#91),#1373,.F.);
#1438=ADVANCED_FACE('',(#92),#1374,.F.);
#1439=ADVANCED_FACE('',(#93),#1375,.F.);
#1440=ADVANCED_FACE('',(#94),#1376,.F.);
#1441=ADVANCED_FACE('',(#95),#1377,.F.);
#1442=ADVANCED_FACE('',(#96),#1378,.F.);
#1443=ADVANCED_FACE('',(#97),#1379,.F.);
#1444=ADVANCED_FACE('',(#98),#1380,.F.);
#1445=ADVANCED_FACE('',(#99),#1381,.F.);
#1446=ADVANCED_FACE('',(#100),#1382,.F.);
#1447=ADVANCED_FACE('',(#101),#1383,.F.);
#1448=ADVANCED_FACE('',(#102),#1384,.F.);
#1449=ADVANCED_FACE('',(#103),#1385,.F.);
#1450=ADVANCED_FACE('',(#104),#1386,.F.);
#1451=ADVANCED_FACE('',(#105),#1387,.F.);
#1452=ADVANCED_FACE('',(#106),#1388,.F.);
#1453=ADVANCED_FACE('',(#107),#1389,.F.);
#1454=ADVANCED_FACE('',(#108),#1390,.F.);
#1455=ADVANCED_FACE('',(#109),#1391,.F.);
#1456=ADVANCED_FACE('',(#110),#1392,.F.);
#1457=ADVANCED_FACE('',(#111),#1393,.F.);
#1458=ADVANCED_FACE('',(#112),#1394,.F.);
#1459=ADVANCED_FACE('',(#113),#1395,.F.);
#1460=ADVANCED_FACE('',(#114),#1396,.F.);
#1461=ADVANCED_FACE('',(#115),#1397,.F.);
#1462=ADVANCED_FACE('',(#116),#1398,.F.);
#1463=ADVANCED_FACE('',(#117),#1399,.F.);
#1464=ADVANCED_FACE('',(#118),#1400,.F.);
#1465=ADVANCED_FACE('',(#119),#1401,.F.);
#1466=ADVANCED_FACE('',(#120),#1402,.F.);
#1467=ADVANCED_FACE('',(#121),#1403,.F.);
#1468=ADVANCED_FACE('',(#122),#1404,.F.);
#1469=ADVANCED_FACE('',(#123),#1405,.F.);
#1470=ADVANCED_FACE('',(#124),#1406,.F.);
#1471=ADVANCED_FACE('',(#125),#1407,.F.);
#1472=ADVANCED_FACE('',(#126),#1408,.T.);
#1473=ADVANCED_FACE('',(#127),#28,.T.);
#1474=ADVANCED_FACE('',(#128,#18),#1409,.T.);
#1475=ADVANCED_FACE('',(#129),#29,.T.);
#1476=ADVANCED_FACE('',(#130),#1410,.F.);
#1477=ADVANCED_FACE('',(#131),#30,.T.);
#1478=ADVANCED_FACE('',(#132),#1411,.F.);
#1479=ADVANCED_FACE('',(#133),#16,.T.);
#1480=ADVANCED_FACE('',(#134,#19),#1412,.T.);
#1481=ADVANCED_FACE('',(#135),#17,.T.);
#1482=ADVANCED_FACE('',(#136),#14,.T.);
#1483=ADVANCED_FACE('',(#137),#1413,.T.);
#1484=ADVANCED_FACE('',(#138),#15,.T.);
#1485=ADVANCED_FACE('',(#139),#1414,.T.);
#1486=ADVANCED_FACE('',(#140),#1415,.T.);
#1487=ADVANCED_FACE('',(#141),#31,.T.);
#1488=ADVANCED_FACE('',(#142),#32,.T.);
#1489=ADVANCED_FACE('',(#143),#1416,.T.);
#1490=ADVANCED_FACE('',(#144),#33,.T.);
#1491=ADVANCED_FACE('',(#145),#34,.T.);
#1492=ADVANCED_FACE('',(#146),#35,.T.);
#1493=ADVANCED_FACE('',(#147,#20,#21),#1417,.F.);
#1494=CLOSED_SHELL('',(#1418,#1419,#1420,#1421,#1422,#1423,#1424,#1425,
#1426,#1427,#1428,#1429,#1430,#1431,#1432,#1433,#1434,#1435,#1436,#1437,
#1438,#1439,#1440,#1441,#1442,#1443,#1444,#1445,#1446,#1447,#1448,#1449,
#1450,#1451,#1452,#1453,#1454,#1455,#1456,#1457,#1458,#1459,#1460,#1461,
#1462,#1463,#1464,#1465,#1466,#1467,#1468,#1469,#1470,#1471,#1472,#1473,
#1474,#1475,#1476,#1477,#1478,#1479,#1480,#1481,#1482,#1483,#1484,#1485,
#1486,#1487,#1488,#1489,#1490,#1491,#1492,#1493));
#1495=DERIVED_UNIT_ELEMENT(#1497,1.);
#1496=DERIVED_UNIT_ELEMENT(#2630,-3.);
#1497=(
MASS_UNIT()
NAMED_UNIT(*)
SI_UNIT(.KILO.,.GRAM.)
);
#1498=DERIVED_UNIT((#1495,#1496));
#1499=MEASURE_REPRESENTATION_ITEM('density measure',
POSITIVE_RATIO_MEASURE(7850.),#1498);
#1500=PROPERTY_DEFINITION_REPRESENTATION(#1505,#1502);
#1501=PROPERTY_DEFINITION_REPRESENTATION(#1506,#1503);
#1502=REPRESENTATION('material name',(#1504),#2627);
#1503=REPRESENTATION('density',(#1499),#2627);
#1504=DESCRIPTIVE_REPRESENTATION_ITEM('Steel','Steel');
#1505=PROPERTY_DEFINITION('material property','material name',#2637);
#1506=PROPERTY_DEFINITION('material property','density of part',#2637);
#1507=AXIS2_PLACEMENT_3D('',#1988,#1608,#1609);
#1508=AXIS2_PLACEMENT_3D('',#1989,#1610,#1611);
#1509=AXIS2_PLACEMENT_3D('',#1998,#1616,#1617);
#1510=AXIS2_PLACEMENT_3D('',#2004,#1621,#1622);
#1511=AXIS2_PLACEMENT_3D('',#2010,#1626,#1627);
#1512=AXIS2_PLACEMENT_3D('',#2016,#1631,#1632);
#1513=AXIS2_PLACEMENT_3D('',#2022,#1636,#1637);
#1514=AXIS2_PLACEMENT_3D('',#2028,#1641,#1642);
#1515=AXIS2_PLACEMENT_3D('',#2034,#1646,#1647);
#1516=AXIS2_PLACEMENT_3D('',#2040,#1651,#1652);
#1517=AXIS2_PLACEMENT_3D('',#2046,#1656,#1657);
#1518=AXIS2_PLACEMENT_3D('',#2052,#1661,#1662);
#1519=AXIS2_PLACEMENT_3D('',#2058,#1666,#1667);
#1520=AXIS2_PLACEMENT_3D('',#2064,#1671,#1672);
#1521=AXIS2_PLACEMENT_3D('',#2070,#1676,#1677);
#1522=AXIS2_PLACEMENT_3D('',#2076,#1681,#1682);
#1523=AXIS2_PLACEMENT_3D('',#2082,#1686,#1687);
#1524=AXIS2_PLACEMENT_3D('',#2088,#1691,#1692);
#1525=AXIS2_PLACEMENT_3D('',#2094,#1696,#1697);
#1526=AXIS2_PLACEMENT_3D('',#2100,#1701,#1702);
#1527=AXIS2_PLACEMENT_3D('',#2106,#1706,#1707);
#1528=AXIS2_PLACEMENT_3D('',#2112,#1711,#1712);
#1529=AXIS2_PLACEMENT_3D('',#2118,#1716,#1717);
#1530=AXIS2_PLACEMENT_3D('',#2124,#1721,#1722);
#1531=AXIS2_PLACEMENT_3D('',#2130,#1726,#1727);
#1532=AXIS2_PLACEMENT_3D('',#2136,#1731,#1732);
#1533=AXIS2_PLACEMENT_3D('',#2145,#1737,#1738);
#1534=AXIS2_PLACEMENT_3D('',#2151,#1742,#1743);
#1535=AXIS2_PLACEMENT_3D('',#2157,#1747,#1748);
#1536=AXIS2_PLACEMENT_3D('',#2163,#1752,#1753);
#1537=AXIS2_PLACEMENT_3D('',#2169,#1757,#1758);
#1538=AXIS2_PLACEMENT_3D('',#2175,#1762,#1763);
#1539=AXIS2_PLACEMENT_3D('',#2181,#1767,#1768);
#1540=AXIS2_PLACEMENT_3D('',#2187,#1772,#1773);
#1541=AXIS2_PLACEMENT_3D('',#2193,#1777,#1778);
#1542=AXIS2_PLACEMENT_3D('',#2199,#1782,#1783);
#1543=AXIS2_PLACEMENT_3D('',#2205,#1787,#1788);
#1544=AXIS2_PLACEMENT_3D('',#2211,#1792,#1793);
#1545=AXIS2_PLACEMENT_3D('',#2217,#1797,#1798);
#1546=AXIS2_PLACEMENT_3D('',#2223,#1802,#1803);
#1547=AXIS2_PLACEMENT_3D('',#2229,#1807,#1808);
#1548=AXIS2_PLACEMENT_3D('',#2235,#1812,#1813);
#1549=AXIS2_PLACEMENT_3D('',#2241,#1817,#1818);
#1550=AXIS2_PLACEMENT_3D('',#2247,#1822,#1823);
#1551=AXIS2_PLACEMENT_3D('',#2253,#1827,#1828);
#1552=AXIS2_PLACEMENT_3D('',#2259,#1832,#1833);
#1553=AXIS2_PLACEMENT_3D('',#2265,#1837,#1838);
#1554=AXIS2_PLACEMENT_3D('',#2271,#1842,#1843);
#1555=AXIS2_PLACEMENT_3D('',#2277,#1847,#1848);
#1556=AXIS2_PLACEMENT_3D('',#2283,#1852,#1853);
#1557=AXIS2_PLACEMENT_3D('',#2289,#1857,#1858);
#1558=AXIS2_PLACEMENT_3D('',#2295,#1862,#1863);
#1559=AXIS2_PLACEMENT_3D('',#2301,#1867,#1868);
#1560=AXIS2_PLACEMENT_3D('',#2310,#1873,#1874);
#1561=AXIS2_PLACEMENT_3D('',#2316,#1878,#1879);
#1562=AXIS2_PLACEMENT_3D('',#2319,#1882,#1883);
#1563=AXIS2_PLACEMENT_3D('',#2320,#1884,#1885);
#1564=AXIS2_PLACEMENT_3D('',#2321,#1886,#1887);
#1565=AXIS2_PLACEMENT_3D('',#2322,#1888,#1889);
#1566=AXIS2_PLACEMENT_3D('',#2324,#1890,#1891);
#1567=AXIS2_PLACEMENT_3D('',#2328,#1893,#1894);
#1568=AXIS2_PLACEMENT_3D('',#2331,#1896,#1897);
#1569=AXIS2_PLACEMENT_3D('',#2332,#1898,#1899);
#1570=AXIS2_PLACEMENT_3D('',#2334,#1900,#1901);
#1571=AXIS2_PLACEMENT_3D('',#2336,#1902,#1903);
#1572=AXIS2_PLACEMENT_3D('',#2338,#1904,#1905);
#1573=AXIS2_PLACEMENT_3D('',#2356,#1907,#1908);
#1574=AXIS2_PLACEMENT_3D('',#2358,#1909,#1910);
#1575=AXIS2_PLACEMENT_3D('',#2361,#1912,#1913);
#1576=AXIS2_PLACEMENT_3D('',#2362,#1914,#1915);
#1577=AXIS2_PLACEMENT_3D('',#2363,#1916,#1917);
#1578=AXIS2_PLACEMENT_3D('',#2365,#1918,#1919);
#1579=AXIS2_PLACEMENT_3D('',#2368,#1921,#1922);
#1580=AXIS2_PLACEMENT_3D('',#2369,#1923,#1924);
#1581=AXIS2_PLACEMENT_3D('',#2447,#1925,#1926);
#1582=AXIS2_PLACEMENT_3D('',#2483,#1927,#1928);
#1583=AXIS2_PLACEMENT_3D('',#2485,#1929,#1930);
#1584=AXIS2_PLACEMENT_3D('',#2487,#1931,#1932);
#1585=AXIS2_PLACEMENT_3D('',#2490,#1934,#1935);
#1586=AXIS2_PLACEMENT_3D('',#2567,#1936,#1937);
#1587=AXIS2_PLACEMENT_3D('',#2588,#1938,#1939);
#1588=AXIS2_PLACEMENT_3D('',#2590,#1940,#1941);
#1589=AXIS2_PLACEMENT_3D('',#2591,#1942,#1943);
#1590=AXIS2_PLACEMENT_3D('',#2592,#1944,#1945);
#1591=AXIS2_PLACEMENT_3D('',#2593,#1946,#1947);
#1592=AXIS2_PLACEMENT_3D('',#2595,#1948,#1949);
#1593=AXIS2_PLACEMENT_3D('',#2596,#1950,#1951);
#1594=AXIS2_PLACEMENT_3D('',#2597,#1952,#1953);
#1595=AXIS2_PLACEMENT_3D('',#2598,#1954,#1955);
#1596=AXIS2_PLACEMENT_3D('',#2604,#1959,#1960);
#1597=AXIS2_PLACEMENT_3D('',#2606,#1961,#1962);
#1598=AXIS2_PLACEMENT_3D('',#2608,#1964,#1965);
#1599=AXIS2_PLACEMENT_3D('',#2609,#1966,#1967);
#1600=AXIS2_PLACEMENT_3D('',#2610,#1968,#1969);
#1601=AXIS2_PLACEMENT_3D('',#2614,#1972,#1973);
#1602=AXIS2_PLACEMENT_3D('',#2616,#1974,#1975);
#1603=AXIS2_PLACEMENT_3D('',#2618,#1977,#1978);
#1604=AXIS2_PLACEMENT_3D('',#2620,#1979,#1980);
#1605=AXIS2_PLACEMENT_3D('',#2622,#1982,#1983);
#1606=AXIS2_PLACEMENT_3D('',#2623,#1984,#1985);
#1607=AXIS2_PLACEMENT_3D('',#2624,#1986,#1987);
#1608=DIRECTION('axis',(0.,0.,1.));
#1609=DIRECTION('refdir',(1.,0.,0.));
#1610=DIRECTION('center_axis',(0.,-1.,0.));
#1611=DIRECTION('ref_axis',(-1.,0.,0.));
#1612=DIRECTION('',(-1.,0.,0.));
#1613=DIRECTION('',(0.,0.,-1.));
#1614=DIRECTION('',(-1.,0.,0.));
#1615=DIRECTION('',(0.,0.,-1.));
#1616=DIRECTION('center_axis',(1.,0.,0.));
#1617=DIRECTION('ref_axis',(0.,-1.,0.));
#1618=DIRECTION('',(0.,-1.,0.));
#1619=DIRECTION('',(0.,0.,-1.));
#1620=DIRECTION('',(0.,-1.,0.));
#1621=DIRECTION('center_axis',(-6.16790583941632E-17,1.,0.));
#1622=DIRECTION('ref_axis',(1.,6.16790583941632E-17,0.));
#1623=DIRECTION('',(1.,6.16790583941632E-17,0.));
#1624=DIRECTION('',(0.,0.,-1.));
#1625=DIRECTION('',(1.,6.16790583941632E-17,0.));
#1626=DIRECTION('center_axis',(1.,-8.76491842986168E-16,0.));
#1627=DIRECTION('ref_axis',(-8.76491842986168E-16,-1.,0.));
#1628=DIRECTION('',(-8.76491842986168E-16,-1.,0.));
#1629=DIRECTION('',(0.,0.,-1.));
#1630=DIRECTION('',(-8.76491842986168E-16,-1.,0.));
#1631=DIRECTION('center_axis',(0.,-1.,0.));
#1632=DIRECTION('ref_axis',(-1.,0.,0.));
#1633=DIRECTION('',(-1.,0.,0.));
#1634=DIRECTION('',(0.,0.,-1.));
#1635=DIRECTION('',(-1.,0.,0.));
#1636=DIRECTION('center_axis',(1.,0.,0.));
#1637=DIRECTION('ref_axis',(0.,-1.,0.));
#1638=DIRECTION('',(0.,-1.,0.));
#1639=DIRECTION('',(0.,0.,-1.));
#1640=DIRECTION('',(0.,-1.,0.));
#1641=DIRECTION('center_axis',(-1.23358116788326E-16,1.,0.));
#1642=DIRECTION('ref_axis',(1.,1.23358116788326E-16,0.));
#1643=DIRECTION('',(1.,1.23358116788326E-16,0.));
#1644=DIRECTION('',(0.,0.,-1.));
#1645=DIRECTION('',(1.,1.23358116788326E-16,0.));
#1646=DIRECTION('center_axis',(1.,-8.76491842986167E-16,0.));
#1647=DIRECTION('ref_axis',(-8.76491842986168E-16,-1.,0.));
#1648=DIRECTION('',(-8.76491842986168E-16,-1.,0.));
#1649=DIRECTION('',(0.,0.,-1.));
#1650=DIRECTION('',(-8.76491842986168E-16,-1.,0.));
#1651=DIRECTION('center_axis',(0.,-1.,0.));
#1652=DIRECTION('ref_axis',(-1.,0.,0.));
#1653=DIRECTION('',(-1.,0.,0.));
#1654=DIRECTION('',(0.,0.,-1.));
#1655=DIRECTION('',(-1.,0.,0.));
#1656=DIRECTION('center_axis',(1.,0.,0.));
#1657=DIRECTION('ref_axis',(0.,-1.,0.));
#1658=DIRECTION('',(0.,-1.,0.));
#1659=DIRECTION('',(0.,0.,-1.));
#1660=DIRECTION('',(0.,-1.,0.));
#1661=DIRECTION('center_axis',(0.,1.,0.));
#1662=DIRECTION('ref_axis',(1.,0.,0.));
#1663=DIRECTION('',(1.,0.,0.));
#1664=DIRECTION('',(0.,0.,-1.));
#1665=DIRECTION('',(1.,0.,0.));
#1666=DIRECTION('center_axis',(1.,0.,0.));
#1667=DIRECTION('ref_axis',(0.,-1.,0.));
#1668=DIRECTION('',(0.,-1.,0.));
#1669=DIRECTION('',(0.,0.,-1.));
#1670=DIRECTION('',(0.,-1.,0.));
#1671=DIRECTION('center_axis',(0.,-1.,0.));
#1672=DIRECTION('ref_axis',(-1.,0.,0.));
#1673=DIRECTION('',(-1.,0.,0.));
#1674=DIRECTION('',(0.,0.,-1.));
#1675=DIRECTION('',(-1.,0.,0.));
#1676=DIRECTION('center_axis',(1.,0.,0.));
#1677=DIRECTION('ref_axis',(0.,-1.,0.));
#1678=DIRECTION('',(0.,-1.,0.));
#1679=DIRECTION('',(0.,0.,-1.));
#1680=DIRECTION('',(0.,-1.,0.));
#1681=DIRECTION('center_axis',(-2.46716233576653E-16,1.,0.));
#1682=DIRECTION('ref_axis',(1.,2.46716233576653E-16,0.));
#1683=DIRECTION('',(1.,2.46716233576653E-16,0.));
#1684=DIRECTION('',(0.,0.,-1.));
#1685=DIRECTION('',(1.,2.46716233576653E-16,0.));
#1686=DIRECTION('center_axis',(1.,0.,0.));
#1687=DIRECTION('ref_axis',(0.,-1.,0.));
#1688=DIRECTION('',(0.,-1.,0.));
#1689=DIRECTION('',(0.,0.,-1.));
#1690=DIRECTION('',(0.,-1.,0.));
#1691=DIRECTION('center_axis',(0.,-1.,0.));
#1692=DIRECTION('ref_axis',(-1.,0.,0.));
#1693=DIRECTION('',(-1.,0.,0.));
#1694=DIRECTION('',(0.,0.,-1.));
#1695=DIRECTION('',(-1.,0.,0.));
#1696=DIRECTION('center_axis',(1.,0.,0.));
#1697=DIRECTION('ref_axis',(0.,-1.,0.));
#1698=DIRECTION('',(0.,-1.,0.));
#1699=DIRECTION('',(0.,0.,-1.));
#1700=DIRECTION('',(0.,-1.,0.));
#1701=DIRECTION('center_axis',(-1.23358116788326E-16,1.,0.));
#1702=DIRECTION('ref_axis',(1.,1.23358116788326E-16,0.));
#1703=DIRECTION('',(1.,1.23358116788326E-16,0.));
#1704=DIRECTION('',(0.,0.,-1.));
#1705=DIRECTION('',(1.,1.23358116788326E-16,0.));
#1706=DIRECTION('center_axis',(1.,0.,0.));
#1707=DIRECTION('ref_axis',(0.,-1.,0.));
#1708=DIRECTION('',(0.,-1.,0.));
#1709=DIRECTION('',(0.,0.,-1.));
#1710=DIRECTION('',(0.,-1.,0.));
#1711=DIRECTION('center_axis',(0.,-1.,0.));
#1712=DIRECTION('ref_axis',(-1.,0.,0.));
#1713=DIRECTION('',(-1.,0.,0.));
#1714=DIRECTION('',(0.,0.,-1.));
#1715=DIRECTION('',(-1.,0.,0.));
#1716=DIRECTION('center_axis',(1.,0.,0.));
#1717=DIRECTION('ref_axis',(0.,-1.,0.));
#1718=DIRECTION('',(0.,-1.,0.));
#1719=DIRECTION('',(0.,0.,-1.));
#1720=DIRECTION('',(0.,-1.,0.));
#1721=DIRECTION('center_axis',(0.,1.,0.));
#1722=DIRECTION('ref_axis',(1.,0.,0.));
#1723=DIRECTION('',(1.,0.,0.));
#1724=DIRECTION('',(0.,0.,-1.));
#1725=DIRECTION('',(1.,0.,0.));
#1726=DIRECTION('center_axis',(1.,0.,0.));
#1727=DIRECTION('ref_axis',(0.,-1.,0.));
#1728=DIRECTION('',(0.,-1.,0.));
#1729=DIRECTION('',(0.,0.,1.));
#1730=DIRECTION('',(0.,-1.,0.));
#1731=DIRECTION('center_axis',(-1.,0.,0.));
#1732=DIRECTION('ref_axis',(0.,1.,0.));
#1733=DIRECTION('',(0.,1.,0.));
#1734=DIRECTION('',(0.,0.,-1.));
#1735=DIRECTION('',(0.,1.,0.));
#1736=DIRECTION('',(0.,0.,-1.));
#1737=DIRECTION('center_axis',(0.,-1.,0.));
#1738=DIRECTION('ref_axis',(-1.,0.,0.));
#1739=DIRECTION('',(-1.,0.,0.));
#1740=DIRECTION('',(0.,0.,-1.));
#1741=DIRECTION('',(-1.,0.,0.));
#1742=DIRECTION('center_axis',(-1.,0.,0.));
#1743=DIRECTION('ref_axis',(0.,1.,0.));
#1744=DIRECTION('',(0.,1.,0.));
#1745=DIRECTION('',(0.,0.,-1.));
#1746=DIRECTION('',(0.,1.,0.));
#1747=DIRECTION('center_axis',(0.,1.,0.));
#1748=DIRECTION('ref_axis',(1.,0.,0.));
#1749=DIRECTION('',(1.,0.,0.));
#1750=DIRECTION('',(0.,0.,-1.));
#1751=DIRECTION('',(1.,0.,0.));
#1752=DIRECTION('center_axis',(-1.,0.,0.));
#1753=DIRECTION('ref_axis',(0.,1.,0.));
#1754=DIRECTION('',(0.,1.,0.));
#1755=DIRECTION('',(0.,0.,-1.));
#1756=DIRECTION('',(0.,1.,0.));
#1757=DIRECTION('center_axis',(0.,-1.,0.));
#1758=DIRECTION('ref_axis',(-1.,0.,0.));
#1759=DIRECTION('',(-1.,0.,0.));
#1760=DIRECTION('',(0.,0.,-1.));
#1761=DIRECTION('',(-1.,0.,0.));
#1762=DIRECTION('center_axis',(-1.,0.,0.));
#1763=DIRECTION('ref_axis',(0.,1.,0.));
#1764=DIRECTION('',(0.,1.,0.));
#1765=DIRECTION('',(0.,0.,-1.));
#1766=DIRECTION('',(0.,1.,0.));
#1767=DIRECTION('center_axis',(0.,1.,0.));
#1768=DIRECTION('ref_axis',(1.,0.,0.));
#1769=DIRECTION('',(1.,0.,0.));
#1770=DIRECTION('',(0.,0.,-1.));
#1771=DIRECTION('',(1.,0.,0.));
#1772=DIRECTION('center_axis',(-1.,0.,0.));
#1773=DIRECTION('ref_axis',(0.,1.,0.));
#1774=DIRECTION('',(0.,1.,0.));
#1775=DIRECTION('',(0.,0.,-1.));
#1776=DIRECTION('',(0.,1.,0.));
#1777=DIRECTION('center_axis',(0.,-1.,0.));
#1778=DIRECTION('ref_axis',(-1.,0.,0.));
#1779=DIRECTION('',(-1.,0.,0.));
#1780=DIRECTION('',(0.,0.,-1.));
#1781=DIRECTION('',(-1.,0.,0.));
#1782=DIRECTION('center_axis',(-1.,0.,0.));
#1783=DIRECTION('ref_axis',(0.,1.,0.));
#1784=DIRECTION('',(0.,1.,0.));
#1785=DIRECTION('',(0.,0.,-1.));
#1786=DIRECTION('',(0.,1.,0.));
#1787=DIRECTION('center_axis',(0.,1.,0.));
#1788=DIRECTION('ref_axis',(1.,0.,0.));
#1789=DIRECTION('',(1.,0.,0.));
#1790=DIRECTION('',(0.,0.,-1.));
#1791=DIRECTION('',(1.,0.,0.));
#1792=DIRECTION('center_axis',(-1.,0.,0.));
#1793=DIRECTION('ref_axis',(0.,1.,0.));
#1794=DIRECTION('',(0.,1.,0.));
#1795=DIRECTION('',(0.,0.,-1.));
#1796=DIRECTION('',(0.,1.,0.));
#1797=DIRECTION('center_axis',(0.,-1.,0.));
#1798=DIRECTION('ref_axis',(-1.,0.,0.));
#1799=DIRECTION('',(-1.,0.,0.));
#1800=DIRECTION('',(0.,0.,-1.));
#1801=DIRECTION('',(-1.,0.,0.));
#1802=DIRECTION('center_axis',(-1.,0.,0.));
#1803=DIRECTION('ref_axis',(0.,1.,0.));
#1804=DIRECTION('',(0.,1.,0.));
#1805=DIRECTION('',(0.,0.,-1.));
#1806=DIRECTION('',(0.,1.,0.));
#1807=DIRECTION('center_axis',(0.,1.,0.));
#1808=DIRECTION('ref_axis',(1.,0.,0.));
#1809=DIRECTION('',(1.,0.,0.));
#1810=DIRECTION('',(0.,0.,-1.));
#1811=DIRECTION('',(1.,0.,0.));
#1812=DIRECTION('center_axis',(-1.,0.,0.));
#1813=DIRECTION('ref_axis',(0.,1.,0.));
#1814=DIRECTION('',(0.,1.,0.));
#1815=DIRECTION('',(0.,0.,-1.));
#1816=DIRECTION('',(0.,1.,0.));
#1817=DIRECTION('center_axis',(0.,-1.,0.));
#1818=DIRECTION('ref_axis',(-1.,0.,0.));
#1819=DIRECTION('',(-1.,0.,0.));
#1820=DIRECTION('',(0.,0.,-1.));
#1821=DIRECTION('',(-1.,0.,0.));
#1822=DIRECTION('center_axis',(-1.,-8.76491842986169E-16,0.));
#1823=DIRECTION('ref_axis',(-8.76491842986169E-16,1.,0.));
#1824=DIRECTION('',(-8.76491842986169E-16,1.,0.));
#1825=DIRECTION('',(0.,0.,-1.));
#1826=DIRECTION('',(-8.76491842986169E-16,1.,0.));
#1827=DIRECTION('center_axis',(0.,1.,0.));
#1828=DIRECTION('ref_axis',(1.,0.,0.));
#1829=DIRECTION('',(1.,0.,0.));
#1830=DIRECTION('',(0.,0.,-1.));
#1831=DIRECTION('',(1.,0.,0.));
#1832=DIRECTION('center_axis',(-1.,0.,0.));
#1833=DIRECTION('ref_axis',(0.,1.,0.));
#1834=DIRECTION('',(0.,1.,0.));
#1835=DIRECTION('',(0.,0.,-1.));
#1836=DIRECTION('',(0.,1.,0.));
#1837=DIRECTION('center_axis',(0.,-1.,0.));
#1838=DIRECTION('ref_axis',(-1.,0.,0.));
#1839=DIRECTION('',(-1.,0.,0.));
#1840=DIRECTION('',(0.,0.,-1.));
#1841=DIRECTION('',(-1.,0.,0.));
#1842=DIRECTION('center_axis',(-1.,0.,0.));
#1843=DIRECTION('ref_axis',(0.,1.,0.));
#1844=DIRECTION('',(0.,1.,0.));
#1845=DIRECTION('',(0.,0.,-1.));
#1846=DIRECTION('',(0.,1.,0.));
#1847=DIRECTION('center_axis',(0.,1.,0.));
#1848=DIRECTION('ref_axis',(1.,0.,0.));
#1849=DIRECTION('',(1.,0.,0.));
#1850=DIRECTION('',(0.,0.,-1.));
#1851=DIRECTION('',(1.,0.,0.));
#1852=DIRECTION('center_axis',(-1.,0.,0.));
#1853=DIRECTION('ref_axis',(0.,1.,0.));
#1854=DIRECTION('',(0.,1.,0.));
#1855=DIRECTION('',(0.,0.,-1.));
#1856=DIRECTION('',(0.,1.,0.));
#1857=DIRECTION('center_axis',(0.,-1.,0.));
#1858=DIRECTION('ref_axis',(-1.,0.,0.));
#1859=DIRECTION('',(-1.,0.,0.));
#1860=DIRECTION('',(0.,0.,-1.));
#1861=DIRECTION('',(-1.,0.,0.));
#1862=DIRECTION('center_axis',(-1.,1.19480198610409E-15,0.));
#1863=DIRECTION('ref_axis',(1.19480198610409E-15,1.,0.));
#1864=DIRECTION('',(1.19480198610409E-15,1.,0.));
#1865=DIRECTION('',(0.,0.,1.));
#1866=DIRECTION('',(1.19480198610409E-15,1.,0.));
#1867=DIRECTION('center_axis',(1.,0.,0.));
#1868=DIRECTION('ref_axis',(0.,-1.,0.));
#1869=DIRECTION('',(0.,-1.,0.));
#1870=DIRECTION('',(0.,0.,-1.));
#1871=DIRECTION('',(0.,-1.,0.));
#1872=DIRECTION('',(0.,0.,-1.));
#1873=DIRECTION('center_axis',(0.,1.,0.));
#1874=DIRECTION('ref_axis',(1.,0.,0.));
#1875=DIRECTION('',(1.,0.,0.));
#1876=DIRECTION('',(0.,0.,-1.));
#1877=DIRECTION('',(1.,0.,0.));
#1878=DIRECTION('center_axis',(1.,-1.75298368597234E-15,0.));
#1879=DIRECTION('ref_axis',(-1.75298368597234E-15,-1.,0.));
#1880=DIRECTION('',(-1.75298368597234E-15,-1.,0.));
#1881=DIRECTION('',(-1.75298368597234E-15,-1.,0.));
#1882=DIRECTION('center_axis',(0.,0.,1.));
#1883=DIRECTION('ref_axis',(-1.,0.,0.));
#1884=DIRECTION('center_axis',(0.,0.,-1.));
#1885=DIRECTION('ref_axis',(-3.46944695195361E-17,1.,0.));
#1886=DIRECTION('center_axis',(0.,0.,-1.));
#1887=DIRECTION('ref_axis',(3.46944695195361E-16,-1.,0.));
#1888=DIRECTION('center_axis',(0.,0.,1.));
#1889=DIRECTION('ref_axis',(-3.46944695195361E-17,1.,0.));
#1890=DIRECTION('center_axis',(0.,0.,1.));
#1891=DIRECTION('ref_axis',(-3.46944695195361E-17,1.,0.));
#1892=DIRECTION('',(0.,0.,1.));
#1893=DIRECTION('center_axis',(0.,0.,1.));
#1894=DIRECTION('ref_axis',(-3.46944695195361E-17,1.,0.));
#1895=DIRECTION('',(0.,0.,1.));
#1896=DIRECTION('center_axis',(0.,0.,1.));
#1897=DIRECTION('ref_axis',(-3.46944695195361E-17,1.,0.));
#1898=DIRECTION('center_axis',(0.,0.,1.));
#1899=DIRECTION('ref_axis',(1.,0.,0.));
#1900=DIRECTION('center_axis',(0.,0.,1.));
#1901=DIRECTION('ref_axis',(3.46944695195361E-16,-1.,0.));
#1902=DIRECTION('center_axis',(0.,0.,1.));
#1903=DIRECTION('ref_axis',(0.953939201416945,-0.300000000000001,0.));
#1904=DIRECTION('center_axis',(0.,0.,1.));
#1905=DIRECTION('ref_axis',(0.953939201416945,0.300000000000001,0.));
#1906=DIRECTION('',(-1.,0.,0.));
#1907=DIRECTION('center_axis',(0.,0.,-1.));
#1908=DIRECTION('ref_axis',(0.,-1.,0.));
#1909=DIRECTION('center_axis',(0.,0.,-1.));
#1910=DIRECTION('ref_axis',(0.,-1.,0.));
#1911=DIRECTION('',(0.,0.,1.));
#1912=DIRECTION('center_axis',(0.,0.,1.));
#1913=DIRECTION('ref_axis',(0.,-1.,0.));
#1914=DIRECTION('center_axis',(0.,0.,1.));
#1915=DIRECTION('ref_axis',(1.,0.,0.));
#1916=DIRECTION('center_axis',(0.,0.,-1.));
#1917=DIRECTION('ref_axis',(0.,-1.,0.));
#1918=DIRECTION('center_axis',(0.,0.,-1.));
#1919=DIRECTION('ref_axis',(0.,-1.,0.));
#1920=DIRECTION('',(0.,0.,1.));
#1921=DIRECTION('center_axis',(0.,0.,1.));
#1922=DIRECTION('ref_axis',(0.,-1.,0.));
#1923=DIRECTION('center_axis',(0.,0.,1.));
#1924=DIRECTION('ref_axis',(1.,0.,0.));
#1925=DIRECTION('center_axis',(-0.999999670466856,0.000811828910623118,
0.));
#1926=DIRECTION('ref_axis',(0.,0.,-1.));
#1927=DIRECTION('center_axis',(0.,0.,1.));
#1928=DIRECTION('ref_axis',(1.,0.,0.));
#1929=DIRECTION('center_axis',(0.,0.,1.));
#1930=DIRECTION('ref_axis',(-0.953939201416947,0.299999999999997,0.));
#1931=DIRECTION('center_axis',(0.,0.,1.));
#1932=DIRECTION('ref_axis',(-0.953939201416946,-0.299999999999998,0.));
#1933=DIRECTION('',(1.,0.,0.));
#1934=DIRECTION('center_axis',(0.,0.,1.));
#1935=DIRECTION('ref_axis',(3.46944695195361E-16,-1.,0.));
#1936=DIRECTION('center_axis',(-0.999999670466856,0.000811828910623119,
0.));
#1937=DIRECTION('ref_axis',(0.,0.,-1.));
#1938=DIRECTION('center_axis',(0.,0.,1.));
#1939=DIRECTION('ref_axis',(1.,0.,0.));
#1940=DIRECTION('center_axis',(0.,0.,-1.));
#1941=DIRECTION('ref_axis',(0.,-1.,0.));
#1942=DIRECTION('center_axis',(1.22464679914735E-16,-1.,0.));
#1943=DIRECTION('ref_axis',(-1.,-1.22464679914735E-16,0.));
#1944=DIRECTION('center_axis',(0.,0.,1.));
#1945=DIRECTION('ref_axis',(1.,0.,0.));
#1946=DIRECTION('center_axis',(0.,0.,1.));
#1947=DIRECTION('ref_axis',(1.,0.,0.));
#1948=DIRECTION('center_axis',(0.,0.,-1.));
#1949=DIRECTION('ref_axis',(0.,-1.,0.));
#1950=DIRECTION('center_axis',(1.22464679914735E-16,-1.,0.));
#1951=DIRECTION('ref_axis',(-1.,-1.22464679914735E-16,0.));
#1952=DIRECTION('center_axis',(0.,0.,1.));
#1953=DIRECTION('ref_axis',(1.,0.,0.));
#1954=DIRECTION('center_axis',(0.,-1.,0.));
#1955=DIRECTION('ref_axis',(1.,0.,0.));
#1956=DIRECTION('',(-1.,0.,0.));
#1957=DIRECTION('',(0.,0.,1.));
#1958=DIRECTION('',(0.,0.,1.));
#1959=DIRECTION('center_axis',(0.,0.,1.));
#1960=DIRECTION('ref_axis',(-0.953939201416946,-0.299999999999998,0.));
#1961=DIRECTION('center_axis',(0.,0.,1.));
#1962=DIRECTION('ref_axis',(-0.953939201416946,-0.299999999999998,0.));
#1963=DIRECTION('',(0.,0.,1.));
#1964=DIRECTION('center_axis',(0.,0.,1.));
#1965=DIRECTION('ref_axis',(-0.953939201416947,0.299999999999997,0.));
#1966=DIRECTION('center_axis',(0.,0.,1.));
#1967=DIRECTION('ref_axis',(-0.953939201416947,0.299999999999997,0.));
#1968=DIRECTION('center_axis',(0.,1.,0.));
#1969=DIRECTION('ref_axis',(-1.,0.,0.));
#1970=DIRECTION('',(1.,0.,0.));
#1971=DIRECTION('',(0.,0.,1.));
#1972=DIRECTION('center_axis',(0.,0.,1.));
#1973=DIRECTION('ref_axis',(0.953939201416945,0.300000000000001,0.));
#1974=DIRECTION('center_axis',(0.,0.,1.));
#1975=DIRECTION('ref_axis',(0.953939201416945,0.300000000000001,0.));
#1976=DIRECTION('',(0.,0.,1.));
#1977=DIRECTION('center_axis',(0.,0.,1.));
#1978=DIRECTION('ref_axis',(0.953939201416945,-0.300000000000001,0.));
#1979=DIRECTION('center_axis',(0.,0.,1.));
#1980=DIRECTION('ref_axis',(0.953939201416945,-0.300000000000001,0.));
#1981=DIRECTION('',(0.,0.,1.));
#1982=DIRECTION('center_axis',(0.,0.,1.));
#1983=DIRECTION('ref_axis',(3.46944695195361E-16,-1.,0.));
#1984=DIRECTION('center_axis',(0.,0.,1.));
#1985=DIRECTION('ref_axis',(3.46944695195361E-16,-1.,0.));
#1986=DIRECTION('center_axis',(0.,0.,1.));
#1987=DIRECTION('ref_axis',(1.,0.,0.));
#1988=CARTESIAN_POINT('',(0.,0.,0.));
#1989=CARTESIAN_POINT('Origin',(1.19999997317791,-1.64166670578222,1.75));
#1990=CARTESIAN_POINT('',(1.19999997317791,-1.64166670578222,1.75));
#1991=CARTESIAN_POINT('',(-1.04999997317791,-1.64166670578222,1.75));
#1992=CARTESIAN_POINT('',(0.599999986588948,-1.64166670578222,1.75));
#1993=CARTESIAN_POINT('',(1.19999997317791,-1.64166670578222,1.749));
#1994=CARTESIAN_POINT('',(1.19999997317791,-1.64166670578222,1.75));
#1995=CARTESIAN_POINT('',(-1.04999997317791,-1.64166670578222,1.749));
#1996=CARTESIAN_POINT('',(1.19999997317791,-1.64166670578222,1.749));
#1997=CARTESIAN_POINT('',(-1.04999997317791,-1.64166670578222,1.75));
#1998=CARTESIAN_POINT('Origin',(1.19999997317791,-1.18333337580164,1.75));
#1999=CARTESIAN_POINT('',(1.19999997317791,-1.18333337580164,1.75));
#2000=CARTESIAN_POINT('',(1.19999997317791,-0.591666687900827,1.75));
#2001=CARTESIAN_POINT('',(1.19999997317791,-1.18333337580164,1.749));
#2002=CARTESIAN_POINT('',(1.19999997317791,-1.18333337580164,1.75));
#2003=CARTESIAN_POINT('',(1.19999997317791,-1.18333337580164,1.749));
#2004=CARTESIAN_POINT('Origin',(-1.04999997317791,-1.18333337580164,1.75));
#2005=CARTESIAN_POINT('',(-1.04999997317791,-1.18333337580164,1.75));
#2006=CARTESIAN_POINT('',(-0.524999986588961,-1.18333337580164,1.75));
#2007=CARTESIAN_POINT('',(-1.04999997317791,-1.18333337580164,1.749));
#2008=CARTESIAN_POINT('',(-1.04999997317791,-1.18333337580164,1.75));
#2009=CARTESIAN_POINT('',(-1.04999997317791,-1.18333337580164,1.749));
#2010=CARTESIAN_POINT('Origin',(-1.04999997317791,-1.02500003911555,1.75));
#2011=CARTESIAN_POINT('',(-1.04999997317791,-1.02500003911555,1.75));
#2012=CARTESIAN_POINT('',(-1.04999997317791,-0.512500019557779,1.75));
#2013=CARTESIAN_POINT('',(-1.04999997317791,-1.02500003911555,1.749));
#2014=CARTESIAN_POINT('',(-1.04999997317791,-1.02500003911555,1.75));
#2015=CARTESIAN_POINT('',(-1.04999997317791,-1.18333337580164,1.749));
#2016=CARTESIAN_POINT('Origin',(1.19999997317791,-1.02500003911555,1.75));
#2017=CARTESIAN_POINT('',(1.19999997317791,-1.02500003911555,1.75));
#2018=CARTESIAN_POINT('',(0.599999986588948,-1.02500003911555,1.75));
#2019=CARTESIAN_POINT('',(1.19999997317791,-1.02500003911555,1.749));
#2020=CARTESIAN_POINT('',(1.19999997317791,-1.02500003911555,1.75));
#2021=CARTESIAN_POINT('',(1.19999997317791,-1.02500003911555,1.749));
#2022=CARTESIAN_POINT('Origin',(1.19999997317791,-0.566666709134976,1.75));
#2023=CARTESIAN_POINT('',(1.19999997317791,-0.566666709134976,1.75));
#2024=CARTESIAN_POINT('',(1.19999997317791,-0.283333354567493,1.75));
#2025=CARTESIAN_POINT('',(1.19999997317791,-0.566666709134976,1.749));
#2026=CARTESIAN_POINT('',(1.19999997317791,-0.566666709134976,1.75));
#2027=CARTESIAN_POINT('',(1.19999997317791,-0.566666709134976,1.749));
#2028=CARTESIAN_POINT('Origin',(-1.04999997317791,-0.566666709134977,1.75));
#2029=CARTESIAN_POINT('',(-1.04999997317791,-0.566666709134977,1.75));
#2030=CARTESIAN_POINT('',(-0.524999986588961,-0.566666709134977,1.75));
#2031=CARTESIAN_POINT('',(-1.04999997317791,-0.566666709134977,1.749));
#2032=CARTESIAN_POINT('',(-1.04999997317791,-0.566666709134977,1.75));
#2033=CARTESIAN_POINT('',(-1.04999997317791,-0.566666709134977,1.749));
#2034=CARTESIAN_POINT('Origin',(-1.04999997317791,-0.408333372448882,1.75));
#2035=CARTESIAN_POINT('',(-1.04999997317791,-0.408333372448882,1.75));
#2036=CARTESIAN_POINT('',(-1.04999997317791,-0.204166686224446,1.75));
#2037=CARTESIAN_POINT('',(-1.04999997317791,-0.408333372448882,1.749));
#2038=CARTESIAN_POINT('',(-1.04999997317791,-0.408333372448882,1.75));
#2039=CARTESIAN_POINT('',(-1.04999997317791,-0.566666709134977,1.749));
#2040=CARTESIAN_POINT('Origin',(1.19999997317791,-0.408333372448882,1.75));
#2041=CARTESIAN_POINT('',(1.19999997317791,-0.408333372448882,1.75));
#2042=CARTESIAN_POINT('',(0.599999986588948,-0.408333372448882,1.75));
#2043=CARTESIAN_POINT('',(1.19999997317791,-0.408333372448882,1.749));
#2044=CARTESIAN_POINT('',(1.19999997317791,-0.408333372448882,1.75));
#2045=CARTESIAN_POINT('',(1.19999997317791,-0.408333372448882,1.749));
#2046=CARTESIAN_POINT('Origin',(1.19999997317791,0.0499999575316903,1.75));
#2047=CARTESIAN_POINT('',(1.19999997317791,0.0499999575316903,1.75));
#2048=CARTESIAN_POINT('',(1.19999997317791,0.0249999787658399,1.75));
#2049=CARTESIAN_POINT('',(1.19999997317791,0.0499999575316903,1.749));
#2050=CARTESIAN_POINT('',(1.19999997317791,0.0499999575316903,1.75));
#2051=CARTESIAN_POINT('',(1.19999997317791,0.0499999575316903,1.749));
#2052=CARTESIAN_POINT('Origin',(-1.04999997317791,0.0499999575316903,1.75));
#2053=CARTESIAN_POINT('',(-1.04999997317791,0.0499999575316903,1.75));
#2054=CARTESIAN_POINT('',(-0.524999986588961,0.0499999575316903,1.75));
#2055=CARTESIAN_POINT('',(-1.04999997317791,0.0499999575316903,1.749));
#2056=CARTESIAN_POINT('',(-1.04999997317791,0.0499999575316903,1.75));
#2057=CARTESIAN_POINT('',(-1.04999997317791,0.0499999575316903,1.749));
#2058=CARTESIAN_POINT('Origin',(-1.04999997317791,0.208333294217785,1.75));
#2059=CARTESIAN_POINT('',(-1.04999997317791,0.208333294217785,1.75));
#2060=CARTESIAN_POINT('',(-1.04999997317791,0.104166647108887,1.75));
#2061=CARTESIAN_POINT('',(-1.04999997317791,0.208333294217785,1.749));
#2062=CARTESIAN_POINT('',(-1.04999997317791,0.208333294217785,1.75));
#2063=CARTESIAN_POINT('',(-1.04999997317791,0.0499999575316903,1.749));
#2064=CARTESIAN_POINT('Origin',(1.19999997317791,0.208333294217785,1.75));
#2065=CARTESIAN_POINT('',(1.19999997317791,0.208333294217785,1.75));
#2066=CARTESIAN_POINT('',(0.599999986588948,0.208333294217785,1.75));
#2067=CARTESIAN_POINT('',(1.19999997317791,0.208333294217785,1.749));
#2068=CARTESIAN_POINT('',(1.19999997317791,0.208333294217785,1.75));
#2069=CARTESIAN_POINT('',(1.19999997317791,0.208333294217785,1.749));
#2070=CARTESIAN_POINT('Origin',(1.19999997317791,0.666666624198357,1.75));
#2071=CARTESIAN_POINT('',(1.19999997317791,0.666666624198357,1.75));
#2072=CARTESIAN_POINT('',(1.19999997317791,0.333333312099173,1.75));
#2073=CARTESIAN_POINT('',(1.19999997317791,0.666666624198357,1.749));
#2074=CARTESIAN_POINT('',(1.19999997317791,0.666666624198357,1.75));
#2075=CARTESIAN_POINT('',(1.19999997317791,0.208333294217785,1.749));
#2076=CARTESIAN_POINT('Origin',(-1.04999997317791,0.666666624198357,1.75));
#2077=CARTESIAN_POINT('',(-1.04999997317791,0.666666624198357,1.75));
#2078=CARTESIAN_POINT('',(-0.524999986588961,0.666666624198357,1.75));
#2079=CARTESIAN_POINT('',(-1.04999997317791,0.666666624198357,1.749));
#2080=CARTESIAN_POINT('',(-1.04999997317791,0.666666624198357,1.75));
#2081=CARTESIAN_POINT('',(-1.04999997317791,0.666666624198357,1.749));
#2082=CARTESIAN_POINT('Origin',(-1.04999997317791,0.824999960884452,1.75));
#2083=CARTESIAN_POINT('',(-1.04999997317791,0.824999960884452,1.75));
#2084=CARTESIAN_POINT('',(-1.04999997317791,0.412499980442221,1.75));
#2085=CARTESIAN_POINT('',(-1.04999997317791,0.824999960884452,1.749));
#2086=CARTESIAN_POINT('',(-1.04999997317791,0.824999960884452,1.75));
#2087=CARTESIAN_POINT('',(-1.04999997317791,0.666666624198357,1.749));
#2088=CARTESIAN_POINT('Origin',(1.19999997317791,0.824999960884452,1.75));
#2089=CARTESIAN_POINT('',(1.19999997317791,0.824999960884452,1.75));
#2090=CARTESIAN_POINT('',(0.599999986588948,0.824999960884452,1.75));
#2091=CARTESIAN_POINT('',(1.19999997317791,0.824999960884452,1.749));
#2092=CARTESIAN_POINT('',(1.19999997317791,0.824999960884452,1.75));
#2093=CARTESIAN_POINT('',(1.19999997317791,0.824999960884452,1.749));
#2094=CARTESIAN_POINT('Origin',(1.19999997317791,1.28333329086502,1.75));
#2095=CARTESIAN_POINT('',(1.19999997317791,1.28333329086502,1.75));
#2096=CARTESIAN_POINT('',(1.19999997317791,0.641666645432507,1.75));
#2097=CARTESIAN_POINT('',(1.19999997317791,1.28333329086502,1.749));
#2098=CARTESIAN_POINT('',(1.19999997317791,1.28333329086502,1.75));
#2099=CARTESIAN_POINT('',(1.19999997317791,0.824999960884452,1.749));
#2100=CARTESIAN_POINT('Origin',(-1.04999997317791,1.28333329086502,1.75));
#2101=CARTESIAN_POINT('',(-1.04999997317791,1.28333329086502,1.75));
#2102=CARTESIAN_POINT('',(-0.524999986588961,1.28333329086502,1.75));
#2103=CARTESIAN_POINT('',(-1.04999997317791,1.28333329086502,1.749));
#2104=CARTESIAN_POINT('',(-1.04999997317791,1.28333329086502,1.75));
#2105=CARTESIAN_POINT('',(-1.04999997317791,1.28333329086502,1.749));
#2106=CARTESIAN_POINT('Origin',(-1.04999997317791,1.44166662755112,1.75));
#2107=CARTESIAN_POINT('',(-1.04999997317791,1.44166662755112,1.75));
#2108=CARTESIAN_POINT('',(-1.04999997317791,0.720833313775554,1.75));
#2109=CARTESIAN_POINT('',(-1.04999997317791,1.44166662755112,1.749));
#2110=CARTESIAN_POINT('',(-1.04999997317791,1.44166662755112,1.75));
#2111=CARTESIAN_POINT('',(-1.04999997317791,1.28333329086502,1.749));
#2112=CARTESIAN_POINT('Origin',(1.19999997317791,1.44166662755112,1.75));
#2113=CARTESIAN_POINT('',(1.19999997317791,1.44166662755112,1.75));
#2114=CARTESIAN_POINT('',(0.599999986588948,1.44166662755112,1.75));
#2115=CARTESIAN_POINT('',(1.19999997317791,1.44166662755112,1.749));
#2116=CARTESIAN_POINT('',(1.19999997317791,1.44166662755112,1.75));
#2117=CARTESIAN_POINT('',(1.19999997317791,1.44166662755112,1.749));
#2118=CARTESIAN_POINT('Origin',(1.19999997317791,1.89999995753169,1.75));
#2119=CARTESIAN_POINT('',(1.19999997317791,1.89999995753169,1.75));
#2120=CARTESIAN_POINT('',(1.19999997317791,0.94999997876584,1.75));
#2121=CARTESIAN_POINT('',(1.19999997317791,1.89999995753169,1.749));
#2122=CARTESIAN_POINT('',(1.19999997317791,1.89999995753169,1.75));
#2123=CARTESIAN_POINT('',(1.19999997317791,1.44166662755112,1.749));
#2124=CARTESIAN_POINT('Origin',(-1.04999997317791,1.89999995753169,1.75));
#2125=CARTESIAN_POINT('',(-1.04999997317791,1.89999995753169,1.75));
#2126=CARTESIAN_POINT('',(-0.524999986588961,1.89999995753169,1.75));
#2127=CARTESIAN_POINT('',(-1.04999997317791,1.89999995753169,1.749));
#2128=CARTESIAN_POINT('',(-1.04999997317791,1.89999995753169,1.75));
#2129=CARTESIAN_POINT('',(-1.04999997317791,1.89999995753169,1.749));
#2130=CARTESIAN_POINT('Origin',(-1.04999997317791,2.06615140117569,1.75));
#2131=CARTESIAN_POINT('',(-1.04999997317791,2.06615140117569,1.75));
#2132=CARTESIAN_POINT('',(-1.04999997317791,1.03307570058784,1.75));
#2133=CARTESIAN_POINT('',(-1.04999997317791,2.06615140117569,1.749));
#2134=CARTESIAN_POINT('',(-1.04999997317791,2.06615140117569,0.));
#2135=CARTESIAN_POINT('',(-1.04999997317791,1.89999995753169,1.749));
#2136=CARTESIAN_POINT('Origin',(-1.19999997317791,1.74999996088445,1.75));
#2137=CARTESIAN_POINT('',(-1.19999997317791,1.74999996088445,1.75));
#2138=CARTESIAN_POINT('',(-1.19999997317791,2.0147324420642,1.75));
#2139=CARTESIAN_POINT('',(-1.19999997317791,0.874999980442221,1.75));
#2140=CARTESIAN_POINT('',(-1.19999997317791,1.74999996088445,1.749));
#2141=CARTESIAN_POINT('',(-1.19999997317791,1.74999996088445,1.75));
#2142=CARTESIAN_POINT('',(-1.19999997317791,2.0147324420642,1.749));
#2143=CARTESIAN_POINT('',(-1.19999997317791,2.0147324420642,1.749));
#2144=CARTESIAN_POINT('',(-1.19999997317791,2.0147324420642,0.));
#2145=CARTESIAN_POINT('Origin',(1.04999997317791,1.74999996088445,1.75));
#2146=CARTESIAN_POINT('',(1.04999997317791,1.74999996088445,1.75));
#2147=CARTESIAN_POINT('',(0.524999986588949,1.74999996088445,1.75));
#2148=CARTESIAN_POINT('',(1.04999997317791,1.74999996088445,1.749));
#2149=CARTESIAN_POINT('',(1.04999997317791,1.74999996088445,1.75));
#2150=CARTESIAN_POINT('',(1.04999997317791,1.74999996088445,1.749));
#2151=CARTESIAN_POINT('Origin',(1.04999997317791,1.59166662419836,1.75));
#2152=CARTESIAN_POINT('',(1.04999997317791,1.59166662419836,1.75));
#2153=CARTESIAN_POINT('',(1.04999997317791,0.795833312099173,1.75));
#2154=CARTESIAN_POINT('',(1.04999997317791,1.59166662419836,1.749));
#2155=CARTESIAN_POINT('',(1.04999997317791,1.59166662419836,1.75));
#2156=CARTESIAN_POINT('',(1.04999997317791,1.74999996088445,1.749));
#2157=CARTESIAN_POINT('Origin',(-1.19999997317791,1.59166662419836,1.75));
#2158=CARTESIAN_POINT('',(-1.19999997317791,1.59166662419836,1.75));
#2159=CARTESIAN_POINT('',(-0.599999986588961,1.59166662419836,1.75));
#2160=CARTESIAN_POINT('',(-1.19999997317791,1.59166662419836,1.749));
#2161=CARTESIAN_POINT('',(-1.19999997317791,1.59166662419836,1.75));
#2162=CARTESIAN_POINT('',(-1.19999997317791,1.59166662419836,1.749));
#2163=CARTESIAN_POINT('Origin',(-1.19999997317791,1.13333329421779,1.75));
#2164=CARTESIAN_POINT('',(-1.19999997317791,1.13333329421779,1.75));
#2165=CARTESIAN_POINT('',(-1.19999997317791,0.566666647108887,1.75));
#2166=CARTESIAN_POINT('',(-1.19999997317791,1.13333329421778,1.749));
#2167=CARTESIAN_POINT('',(-1.19999997317791,1.13333329421779,1.75));
#2168=CARTESIAN_POINT('',(-1.19999997317791,1.59166662419836,1.749));
#2169=CARTESIAN_POINT('Origin',(1.04999997317791,1.13333329421779,1.75));
#2170=CARTESIAN_POINT('',(1.04999997317791,1.13333329421779,1.75));
#2171=CARTESIAN_POINT('',(0.524999986588949,1.13333329421779,1.75));
#2172=CARTESIAN_POINT('',(1.04999997317791,1.13333329421778,1.749));
#2173=CARTESIAN_POINT('',(1.04999997317791,1.13333329421779,1.75));
#2174=CARTESIAN_POINT('',(1.04999997317791,1.13333329421779,1.749));
#2175=CARTESIAN_POINT('Origin',(1.04999997317791,0.97499995753169,1.75));
#2176=CARTESIAN_POINT('',(1.04999997317791,0.97499995753169,1.75));
#2177=CARTESIAN_POINT('',(1.04999997317791,0.48749997876584,1.75));
#2178=CARTESIAN_POINT('',(1.04999997317791,0.97499995753169,1.749));
#2179=CARTESIAN_POINT('',(1.04999997317791,0.97499995753169,1.75));
#2180=CARTESIAN_POINT('',(1.04999997317791,1.13333329421779,1.749));
#2181=CARTESIAN_POINT('Origin',(-1.19999997317791,0.97499995753169,1.75));
#2182=CARTESIAN_POINT('',(-1.19999997317791,0.97499995753169,1.75));
#2183=CARTESIAN_POINT('',(-0.599999986588961,0.97499995753169,1.75));
#2184=CARTESIAN_POINT('',(-1.19999997317791,0.97499995753169,1.749));
#2185=CARTESIAN_POINT('',(-1.19999997317791,0.97499995753169,1.75));
#2186=CARTESIAN_POINT('',(-1.19999997317791,0.97499995753169,1.749));
#2187=CARTESIAN_POINT('Origin',(-1.19999997317791,0.516666627551118,1.75));
#2188=CARTESIAN_POINT('',(-1.19999997317791,0.516666627551118,1.75));
#2189=CARTESIAN_POINT('',(-1.19999997317791,0.258333313775554,1.75));
#2190=CARTESIAN_POINT('',(-1.19999997317791,0.516666627551118,1.749));
#2191=CARTESIAN_POINT('',(-1.19999997317791,0.516666627551118,1.75));
#2192=CARTESIAN_POINT('',(-1.19999997317791,0.97499995753169,1.749));
#2193=CARTESIAN_POINT('Origin',(1.04999997317791,0.516666627551118,1.75));
#2194=CARTESIAN_POINT('',(1.04999997317791,0.516666627551118,1.75));
#2195=CARTESIAN_POINT('',(0.524999986588949,0.516666627551118,1.75));
#2196=CARTESIAN_POINT('',(1.04999997317791,0.516666627551118,1.749));
#2197=CARTESIAN_POINT('',(1.04999997317791,0.516666627551118,1.75));
#2198=CARTESIAN_POINT('',(1.04999997317791,0.516666627551118,1.749));
#2199=CARTESIAN_POINT('Origin',(1.04999997317791,0.358333290865024,1.75));
#2200=CARTESIAN_POINT('',(1.04999997317791,0.358333290865024,1.75));
#2201=CARTESIAN_POINT('',(1.04999997317791,0.179166645432507,1.75));
#2202=CARTESIAN_POINT('',(1.04999997317791,0.358333290865024,1.749));
#2203=CARTESIAN_POINT('',(1.04999997317791,0.358333290865024,1.75));
#2204=CARTESIAN_POINT('',(1.04999997317791,0.516666627551118,1.749));
#2205=CARTESIAN_POINT('Origin',(-1.19999997317791,0.358333290865024,1.75));
#2206=CARTESIAN_POINT('',(-1.19999997317791,0.358333290865024,1.75));
#2207=CARTESIAN_POINT('',(-0.599999986588961,0.358333290865024,1.75));
#2208=CARTESIAN_POINT('',(-1.19999997317791,0.358333290865024,1.749));
#2209=CARTESIAN_POINT('',(-1.19999997317791,0.358333290865024,1.75));
#2210=CARTESIAN_POINT('',(-1.19999997317791,0.358333290865024,1.749));
#2211=CARTESIAN_POINT('Origin',(-1.19999997317791,-0.100000039115548,1.75));
#2212=CARTESIAN_POINT('',(-1.19999997317791,-0.100000039115548,1.75));
#2213=CARTESIAN_POINT('',(-1.19999997317791,-0.0500000195577795,1.75));
#2214=CARTESIAN_POINT('',(-1.19999997317791,-0.100000039115548,1.749));
#2215=CARTESIAN_POINT('',(-1.19999997317791,-0.100000039115548,1.75));
#2216=CARTESIAN_POINT('',(-1.19999997317791,-0.100000039115548,1.749));
#2217=CARTESIAN_POINT('Origin',(1.04999997317791,-0.100000039115548,1.75));
#2218=CARTESIAN_POINT('',(1.04999997317791,-0.100000039115548,1.75));
#2219=CARTESIAN_POINT('',(0.524999986588949,-0.100000039115548,1.75));
#2220=CARTESIAN_POINT('',(1.04999997317791,-0.100000039115548,1.749));
#2221=CARTESIAN_POINT('',(1.04999997317791,-0.100000039115548,1.75));
#2222=CARTESIAN_POINT('',(1.04999997317791,-0.100000039115548,1.749));
#2223=CARTESIAN_POINT('Origin',(1.04999997317791,-0.258333375801643,1.75));
#2224=CARTESIAN_POINT('',(1.04999997317791,-0.258333375801643,1.75));
#2225=CARTESIAN_POINT('',(1.04999997317791,-0.129166687900827,1.75));
#2226=CARTESIAN_POINT('',(1.04999997317791,-0.258333375801643,1.749));
#2227=CARTESIAN_POINT('',(1.04999997317791,-0.258333375801643,1.75));
#2228=CARTESIAN_POINT('',(1.04999997317791,-0.100000039115548,1.749));
#2229=CARTESIAN_POINT('Origin',(-1.19999997317791,-0.258333375801643,1.75));
#2230=CARTESIAN_POINT('',(-1.19999997317791,-0.258333375801643,1.75));
#2231=CARTESIAN_POINT('',(-0.599999986588961,-0.258333375801643,1.75));
#2232=CARTESIAN_POINT('',(-1.19999997317791,-0.258333375801643,1.749));
#2233=CARTESIAN_POINT('',(-1.19999997317791,-0.258333375801643,1.75));
#2234=CARTESIAN_POINT('',(-1.19999997317791,-0.258333375801643,1.749));
#2235=CARTESIAN_POINT('Origin',(-1.19999997317791,-0.716666705782215,1.75));
#2236=CARTESIAN_POINT('',(-1.19999997317791,-0.716666705782215,1.75));
#2237=CARTESIAN_POINT('',(-1.19999997317791,-0.358333352891113,1.75));
#2238=CARTESIAN_POINT('',(-1.19999997317791,-0.716666705782215,1.749));
#2239=CARTESIAN_POINT('',(-1.19999997317791,-0.716666705782215,1.75));
#2240=CARTESIAN_POINT('',(-1.19999997317791,-0.716666705782215,1.749));
#2241=CARTESIAN_POINT('Origin',(1.04999997317791,-0.716666705782215,1.75));
#2242=CARTESIAN_POINT('',(1.04999997317791,-0.716666705782215,1.75));
#2243=CARTESIAN_POINT('',(0.524999986588949,-0.716666705782215,1.75));
#2244=CARTESIAN_POINT('',(1.04999997317791,-0.716666705782215,1.749));
#2245=CARTESIAN_POINT('',(1.04999997317791,-0.716666705782215,1.75));
#2246=CARTESIAN_POINT('',(1.04999997317791,-0.716666705782215,1.749));
#2247=CARTESIAN_POINT('Origin',(1.04999997317791,-0.87500004246831,1.75));
#2248=CARTESIAN_POINT('',(1.04999997317791,-0.87500004246831,1.75));
#2249=CARTESIAN_POINT('',(1.04999997317791,-0.43750002123416,1.75));
#2250=CARTESIAN_POINT('',(1.04999997317791,-0.87500004246831,1.749));
#2251=CARTESIAN_POINT('',(1.04999997317791,-0.87500004246831,1.75));
#2252=CARTESIAN_POINT('',(1.04999997317791,-0.716666705782215,1.749));
#2253=CARTESIAN_POINT('Origin',(-1.19999997317791,-0.87500004246831,1.75));
#2254=CARTESIAN_POINT('',(-1.19999997317791,-0.87500004246831,1.75));
#2255=CARTESIAN_POINT('',(-0.599999986588961,-0.87500004246831,1.75));
#2256=CARTESIAN_POINT('',(-1.19999997317791,-0.87500004246831,1.749));
#2257=CARTESIAN_POINT('',(-1.19999997317791,-0.87500004246831,1.75));
#2258=CARTESIAN_POINT('',(-1.19999997317791,-0.87500004246831,1.749));
#2259=CARTESIAN_POINT('Origin',(-1.19999997317791,-1.33333337244888,1.75));
#2260=CARTESIAN_POINT('',(-1.19999997317791,-1.33333337244888,1.75));
#2261=CARTESIAN_POINT('',(-1.19999997317791,-0.666666686224446,1.75));
#2262=CARTESIAN_POINT('',(-1.19999997317791,-1.33333337244888,1.749));
#2263=CARTESIAN_POINT('',(-1.19999997317791,-1.33333337244888,1.75));
#2264=CARTESIAN_POINT('',(-1.19999997317791,-0.87500004246831,1.749));
#2265=CARTESIAN_POINT('Origin',(1.04999997317791,-1.33333337244888,1.75));
#2266=CARTESIAN_POINT('',(1.04999997317791,-1.33333337244888,1.75));
#2267=CARTESIAN_POINT('',(0.524999986588949,-1.33333337244888,1.75));
#2268=CARTESIAN_POINT('',(1.04999997317791,-1.33333337244888,1.749));
#2269=CARTESIAN_POINT('',(1.04999997317791,-1.33333337244888,1.75));
#2270=CARTESIAN_POINT('',(1.04999997317791,-1.33333337244888,1.749));
#2271=CARTESIAN_POINT('Origin',(1.04999997317791,-1.49166670913498,1.75));
#2272=CARTESIAN_POINT('',(1.04999997317791,-1.49166670913498,1.75));
#2273=CARTESIAN_POINT('',(1.04999997317791,-0.745833354567494,1.75));
#2274=CARTESIAN_POINT('',(1.04999997317791,-1.49166670913498,1.749));
#2275=CARTESIAN_POINT('',(1.04999997317791,-1.49166670913498,1.75));
#2276=CARTESIAN_POINT('',(1.04999997317791,-1.33333337244888,1.749));
#2277=CARTESIAN_POINT('Origin',(-1.19999997317791,-1.49166670913498,1.75));
#2278=CARTESIAN_POINT('',(-1.19999997317791,-1.49166670913498,1.75));
#2279=CARTESIAN_POINT('',(-0.599999986588961,-1.49166670913498,1.75));
#2280=CARTESIAN_POINT('',(-1.19999997317791,-1.49166670913498,1.749));
#2281=CARTESIAN_POINT('',(-1.19999997317791,-1.49166670913498,1.75));
#2282=CARTESIAN_POINT('',(-1.19999997317791,-1.49166670913498,1.749));
#2283=CARTESIAN_POINT('Origin',(-1.19999997317791,-1.95000003911555,1.75));
#2284=CARTESIAN_POINT('',(-1.19999997317791,-1.95000003911555,1.75));
#2285=CARTESIAN_POINT('',(-1.19999997317791,-0.97500001955778,1.75));
#2286=CARTESIAN_POINT('',(-1.19999997317791,-1.95000003911555,1.749));
#2287=CARTESIAN_POINT('',(-1.19999997317791,-1.95000003911555,1.75));
#2288=CARTESIAN_POINT('',(-1.19999997317791,-1.49166670913498,1.749));
#2289=CARTESIAN_POINT('Origin',(1.04999997317791,-1.95000003911555,1.75));
#2290=CARTESIAN_POINT('',(1.04999997317791,-1.95000003911555,1.75));
#2291=CARTESIAN_POINT('',(0.524999986588949,-1.95000003911555,1.75));
#2292=CARTESIAN_POINT('',(1.04999997317791,-1.95000003911555,1.749));
#2293=CARTESIAN_POINT('',(1.04999997317791,-1.95000003911555,1.75));
#2294=CARTESIAN_POINT('',(-1.19999997317791,-1.95000003911555,1.749));
#2295=CARTESIAN_POINT('Origin',(1.04999997317791,-2.06615140117568,1.75));
#2296=CARTESIAN_POINT('',(1.04999997317791,-2.06615140117568,1.75));
#2297=CARTESIAN_POINT('',(1.04999997317791,-1.03307570058785,1.75));
#2298=CARTESIAN_POINT('',(1.04999997317791,-2.06615140117568,1.749));
#2299=CARTESIAN_POINT('',(1.04999997317791,-2.06615140117568,0.));
#2300=CARTESIAN_POINT('',(1.04999997317791,-1.95000003911555,1.749));
#2301=CARTESIAN_POINT('Origin',(1.19999997317791,-1.80000004246831,1.75));
#2302=CARTESIAN_POINT('',(1.19999997317791,-1.80000004246831,1.75));
#2303=CARTESIAN_POINT('',(1.19999997317791,-2.0147324420642,1.75));
#2304=CARTESIAN_POINT('',(1.19999997317791,-0.90000002123416,1.75));
#2305=CARTESIAN_POINT('',(1.19999997317791,-1.80000004246831,1.749));
#2306=CARTESIAN_POINT('',(1.19999997317791,-1.80000004246831,1.75));
#2307=CARTESIAN_POINT('',(1.19999997317791,-2.0147324420642,1.749));
#2308=CARTESIAN_POINT('',(1.19999997317791,-1.80000004246831,1.749));
#2309=CARTESIAN_POINT('',(1.19999997317791,-2.0147324420642,0.));
#2310=CARTESIAN_POINT('Origin',(-1.04999997317791,-1.80000004246831,1.75));
#2311=CARTESIAN_POINT('',(-1.04999997317791,-1.80000004246831,1.75));
#2312=CARTESIAN_POINT('',(-0.524999986588961,-1.80000004246831,1.75));
#2313=CARTESIAN_POINT('',(-1.04999997317791,-1.80000004246831,1.749));
#2314=CARTESIAN_POINT('',(-1.04999997317791,-1.80000004246831,1.75));
#2315=CARTESIAN_POINT('',(-1.04999997317791,-1.80000004246831,1.749));
#2316=CARTESIAN_POINT('Origin',(-1.04999997317791,-1.64166670578222,1.75));
#2317=CARTESIAN_POINT('',(-1.04999997317791,-0.820833352891112,1.75));
#2318=CARTESIAN_POINT('',(-1.04999997317791,-1.80000004246831,1.749));
#2319=CARTESIAN_POINT('Origin',(0.,5.55111512312578E-16,1.749));
#2320=CARTESIAN_POINT('Origin',(-0.476969600708478,0.15,1.749));
#2321=CARTESIAN_POINT('Origin',(0.476969600708471,-0.15,1.749));
#2322=CARTESIAN_POINT('Origin',(-0.476969600708478,0.15,0.));
#2323=CARTESIAN_POINT('',(-0.476969600708478,2.15,1.75));
#2324=CARTESIAN_POINT('Origin',(-0.476969600708478,0.15,1.75));
#2325=CARTESIAN_POINT('',(-0.476969600708478,2.15,0.));
#2326=CARTESIAN_POINT('',(-0.476969600708478,2.15,0.));
#2327=CARTESIAN_POINT('',(-2.38484800354237,0.749999999999994,0.));
#2328=CARTESIAN_POINT('Origin',(-0.476969600708478,0.15,0.));
#2329=CARTESIAN_POINT('',(-2.38484800354237,0.749999999999994,1.75));
#2330=CARTESIAN_POINT('',(-2.38484800354237,0.749999999999994,0.));
#2331=CARTESIAN_POINT('Origin',(-0.476969600708478,0.15,1.75));
#2332=CARTESIAN_POINT('Origin',(-1.27675647831893E-14,-1.0547118733939E-14,
1.75));
#2333=CARTESIAN_POINT('',(2.38484800354236,-0.750000000000003,1.75));
#2334=CARTESIAN_POINT('Origin',(0.476969600708471,-0.15,1.75));
#2335=CARTESIAN_POINT('',(2.38484800354236,0.750000000000001,1.75));
#2336=CARTESIAN_POINT('Origin',(0.,0.,1.75));
#2337=CARTESIAN_POINT('',(0.476969600708472,2.15,1.75));
#2338=CARTESIAN_POINT('Origin',(0.476969600708472,0.15,1.75));
#2339=CARTESIAN_POINT('',(-0.476969600708478,2.15,1.75));
#2340=CARTESIAN_POINT('',(1.85031957577467,0.393649037589923,1.75));
#2341=CARTESIAN_POINT('Ctrl Pts',(1.85031957577467,0.393649037589923,1.75));
#2342=CARTESIAN_POINT('Ctrl Pts',(1.79164381756842,0.393696672282484,1.75));
#2343=CARTESIAN_POINT('Ctrl Pts',(1.67374517460916,0.366965929961251,1.75));
#2344=CARTESIAN_POINT('Ctrl Pts',(1.53173340667211,0.253774274609191,1.75));
#2345=CARTESIAN_POINT('Ctrl Pts',(1.45322230355225,0.0909038671390648,1.75));
#2346=CARTESIAN_POINT('Ctrl Pts',(1.45281556698604,-0.121230386043969,1.75));
#2347=CARTESIAN_POINT('Ctrl Pts',(1.55170205540808,-0.278651973910573,1.75));
#2348=CARTESIAN_POINT('Ctrl Pts',(1.75318548874376,-0.405664054664978,1.75));
#2349=CARTESIAN_POINT('Ctrl Pts',(2.04341635616143,-0.405660811647538,1.75));
#2350=CARTESIAN_POINT('Ctrl Pts',(2.2482088320219,-0.152124974336,1.75));
#2351=CARTESIAN_POINT('Ctrl Pts',(2.24676596547275,0.0902116164262768,1.75));
#2352=CARTESIAN_POINT('Ctrl Pts',(2.16892723532769,0.253280512645889,1.75));
#2353=CARTESIAN_POINT('Ctrl Pts',(2.02711000459195,0.366632783265447,1.75));
#2354=CARTESIAN_POINT('Ctrl Pts',(1.90899533398091,0.393601402897361,1.75));
#2355=CARTESIAN_POINT('Ctrl Pts',(1.85031957577467,0.393649037589923,1.75));
#2356=CARTESIAN_POINT('Origin',(1.85,-3.21964677141295E-16,0.));
#2357=CARTESIAN_POINT('',(1.85,0.3,-10.));
#2358=CARTESIAN_POINT('Origin',(1.85,-3.21964677141295E-16,-10.));
#2359=CARTESIAN_POINT('',(1.85,0.3,0.));
#2360=CARTESIAN_POINT('',(1.85,0.3,0.));
#2361=CARTESIAN_POINT('Origin',(1.85,-3.21964677141295E-16,0.));
#2362=CARTESIAN_POINT('Origin',(1.85,-3.12250225675825E-16,-10.));
#2363=CARTESIAN_POINT('Origin',(-1.85,5.99520433297585E-16,0.));
#2364=CARTESIAN_POINT('',(-1.85,0.300000000000001,-10.));
#2365=CARTESIAN_POINT('Origin',(-1.85,5.99520433297585E-16,-10.));
#2366=CARTESIAN_POINT('',(-1.85,0.300000000000001,0.));
#2367=CARTESIAN_POINT('',(-1.85,0.300000000000001,0.));
#2368=CARTESIAN_POINT('Origin',(-1.85,5.99520433297585E-16,0.));
#2369=CARTESIAN_POINT('Origin',(-1.85,5.89805981832114E-16,-10.));
#2370=CARTESIAN_POINT('Ctrl Pts',(-1.84975902922161,0.296824485841648,1.825));
#2371=CARTESIAN_POINT('Ctrl Pts',(-1.89400250525693,0.296860403986436,1.825));
#2372=CARTESIAN_POINT('Ctrl Pts',(-1.98290201245715,0.276704530970609,1.825));
#2373=CARTESIAN_POINT('Ctrl Pts',(-2.08998362414009,0.191354252072995,1.825));
#2374=CARTESIAN_POINT('Ctrl Pts',(-2.14918362059299,0.0685445404938876,
1.825));
#2375=CARTESIAN_POINT('Ctrl Pts',(-2.14949031681099,-0.0914117486878207,
1.825));
#2376=CARTESIAN_POINT('Ctrl Pts',(-2.07492662338072,-0.210112859313007,
1.825));
#2377=CARTESIAN_POINT('Ctrl Pts',(-1.923001406196,-0.30588418572137,1.825));
#2378=CARTESIAN_POINT('Ctrl Pts',(-1.7041576883412,-0.305881720410851,1.825));
#2379=CARTESIAN_POINT('Ctrl Pts',(-1.54973730244971,-0.114707280351765,
1.825));
#2380=CARTESIAN_POINT('Ctrl Pts',(-1.55082525132657,0.0680225712872762,
1.825));
#2381=CARTESIAN_POINT('Ctrl Pts',(-1.6095182466071,0.19098194846883,1.825));
#2382=CARTESIAN_POINT('Ctrl Pts',(-1.71645315752632,0.276453331912397,1.825));
#2383=CARTESIAN_POINT('Ctrl Pts',(-1.80551555318629,0.296788567696859,1.825));
#2384=CARTESIAN_POINT('Ctrl Pts',(-1.84975902922161,0.296824485841648,1.825));
#2385=CARTESIAN_POINT('Ctrl Pts',(-1.84975393358001,0.303101226971599,1.80069027812438));
#2386=CARTESIAN_POINT('Ctrl Pts',(-1.89491166189445,0.303137887333064,1.80069027812438));
#2387=CARTESIAN_POINT('Ctrl Pts',(-1.98565858154674,0.282548748639859,1.80069027812438));
#2388=CARTESIAN_POINT('Ctrl Pts',(-2.094961808158,0.195412333374838,1.80069027812438));
#2389=CARTESIAN_POINT('Ctrl Pts',(-2.15539629010456,0.070034311285313,1.80069027812438));
#2390=CARTESIAN_POINT('Ctrl Pts',(-2.15570896053266,-0.0932380059930854,
1.80069027812438));
#2391=CARTESIAN_POINT('Ctrl Pts',(-2.07960160760522,-0.214413586148987,
1.80069027812438));
#2392=CARTESIAN_POINT('Ctrl Pts',(-1.92452697325805,-0.312169864039989,
1.80069027812438));
#2393=CARTESIAN_POINT('Ctrl Pts',(-1.7011472924301,-0.312179881682697,1.80069027812438));
#2394=CARTESIAN_POINT('Ctrl Pts',(-1.54351705080941,-0.117012671364824,
1.80069027812438));
#2395=CARTESIAN_POINT('Ctrl Pts',(-1.54462135183756,0.0695177307904763,
1.80069027812438));
#2396=CARTESIAN_POINT('Ctrl Pts',(-1.60453153268343,0.195029431903571,1.80069027812438));
#2397=CARTESIAN_POINT('Ctrl Pts',(-1.71368311371337,0.28229002488568,1.80069027812438));
#2398=CARTESIAN_POINT('Ctrl Pts',(-1.80459620526558,0.303064566610135,1.80069027812438));
#2399=CARTESIAN_POINT('Ctrl Pts',(-1.84975393358001,0.303101226971599,1.80069027812438));
#2400=CARTESIAN_POINT('Ctrl Pts',(-1.84973143352738,0.330816481905524,1.76268335396985));
#2401=CARTESIAN_POINT('Ctrl Pts',(-1.89905086242926,0.330856520856956,1.76268335396985));
#2402=CARTESIAN_POINT('Ctrl Pts',(-1.99814510928639,0.308395471674705,1.76268335396985));
#2403=CARTESIAN_POINT('Ctrl Pts',(-2.11750810800815,0.213262874488745,1.76268335396985));
#2404=CARTESIAN_POINT('Ctrl Pts',(-2.183495146168,0.076376721782214,1.76268335396985));
#2405=CARTESIAN_POINT('Ctrl Pts',(-2.18383718635634,-0.101926363544085,
1.76268335396985));
#2406=CARTESIAN_POINT('Ctrl Pts',(-2.10072021263928,-0.234236417658275,
1.76268335396985));
#2407=CARTESIAN_POINT('Ctrl Pts',(-1.93136930170462,-0.340992804244752,
1.76268335396985));
#2408=CARTESIAN_POINT('Ctrl Pts',(-1.68742410106309,-0.340984626711259,
1.76268335396985));
#2409=CARTESIAN_POINT('Ctrl Pts',(-1.51529560220571,-0.127895512012934,
1.76268335396985));
#2410=CARTESIAN_POINT('Ctrl Pts',(-1.51651102405744,0.0757878617306458,
1.76268335396985));
#2411=CARTESIAN_POINT('Ctrl Pts',(-1.58193584960506,0.212849115521357,1.76268335396985));
#2412=CARTESIAN_POINT('Ctrl Pts',(-1.7011361457485,0.308116464107849,1.76268335396985));
#2413=CARTESIAN_POINT('Ctrl Pts',(-1.8004120046255,0.330776442954092,1.76268335396985));
#2414=CARTESIAN_POINT('Ctrl Pts',(-1.84973143352738,0.330816481905524,1.76268335396985));
#2415=CARTESIAN_POINT('Ctrl Pts',(-1.84969571115011,0.374818814200068,1.75));
#2416=CARTESIAN_POINT('Ctrl Pts',(-1.90556788608761,0.374864172861929,1.75));
#2417=CARTESIAN_POINT('Ctrl Pts',(-2.01783167953955,0.349413141515288,1.75));
#2418=CARTESIAN_POINT('Ctrl Pts',(-2.15305668187622,0.241633230549138,1.75));
#2419=CARTESIAN_POINT('Ctrl Pts',(-2.2278148001076,0.0865494732856592,1.75));
#2420=CARTESIAN_POINT('Ctrl Pts',(-2.22820216066257,-0.115447211857077,
1.75));
#2421=CARTESIAN_POINT('Ctrl Pts',(-2.13404100468629,-0.265343817788873,
1.75));
#2422=CARTESIAN_POINT('Ctrl Pts',(-1.9421861343579,-0.386286243479117,1.75));
#2423=CARTESIAN_POINT('Ctrl Pts',(-1.66582484807702,-0.386281264926395,
1.75));
#2424=CARTESIAN_POINT('Ctrl Pts',(-1.47082031458207,-0.144865940613068,
1.75));
#2425=CARTESIAN_POINT('Ctrl Pts',(-1.47219512579823,0.0858879056177646,
1.75));
#2426=CARTESIAN_POINT('Ctrl Pts',(-1.54631400102383,0.241163505072054,1.75));
#2427=CARTESIAN_POINT('Ctrl Pts',(-1.68135402936356,0.34909626607772,1.75));
#2428=CARTESIAN_POINT('Ctrl Pts',(-1.79382353621263,0.374773455538207,1.75));
#2429=CARTESIAN_POINT('Ctrl Pts',(-1.84969571115011,0.374818814200068,1.75));
#2430=CARTESIAN_POINT('Ctrl Pts',(-1.84968042422534,0.393649037589924,1.75));
#2431=CARTESIAN_POINT('Ctrl Pts',(-1.90835618243158,0.393696672282485,1.75));
#2432=CARTESIAN_POINT('Ctrl Pts',(-2.02625483001908,0.366965926023574,1.75));
#2433=CARTESIAN_POINT('Ctrl Pts',(-2.16826660934733,0.253774269847333,1.75));
#2434=CARTESIAN_POINT('Ctrl Pts',(-2.24677772531183,0.0909038630049448,
1.75));
#2435=CARTESIAN_POINT('Ctrl Pts',(-2.24718446625404,-0.121230385671652,
1.75));
#2436=CARTESIAN_POINT('Ctrl Pts',(-2.1482979944229,-0.27865196033038,1.75));
#2437=CARTESIAN_POINT('Ctrl Pts',(-1.94681456437222,-0.405664023915577,
1.75));
#2438=CARTESIAN_POINT('Ctrl Pts',(-1.65658372754663,-0.405660754417407,
1.75));
#2439=CARTESIAN_POINT('Ctrl Pts',(-1.45179120135701,-0.15212495150794,1.75));
#2440=CARTESIAN_POINT('Ctrl Pts',(-1.45323404063999,0.0902116267318776,
1.75));
#2441=CARTESIAN_POINT('Ctrl Pts',(-1.5310727709588,0.253280520300171,1.75));
#2442=CARTESIAN_POINT('Ctrl Pts',(-1.67288999553432,0.366632785490278,1.75));
#2443=CARTESIAN_POINT('Ctrl Pts',(-1.7910046660191,0.393601402897362,1.75));
#2444=CARTESIAN_POINT('Ctrl Pts',(-1.84968042422534,0.393649037589924,1.75));
#2445=CARTESIAN_POINT('',(-1.84968042422534,0.393649037589924,1.75));
#2446=CARTESIAN_POINT('',(-1.84975902922161,0.296824485841648,1.825));
#2447=CARTESIAN_POINT('Origin',(-1.84968042422534,0.393649037589924,1.85));
#2448=CARTESIAN_POINT('',(-2.14684020338035,-0.000118126155043141,1.825));
#2449=CARTESIAN_POINT('Ctrl Pts',(-1.84975902922161,0.296824485841648,1.825));
#2450=CARTESIAN_POINT('Ctrl Pts',(-1.80551555318629,0.296788567696859,1.825));
#2451=CARTESIAN_POINT('Ctrl Pts',(-1.71645315752632,0.276453331912397,1.825));
#2452=CARTESIAN_POINT('Ctrl Pts',(-1.6095182466071,0.19098194846883,1.825));
#2453=CARTESIAN_POINT('Ctrl Pts',(-1.55082525132657,0.0680225712872762,
1.825));
#2454=CARTESIAN_POINT('Ctrl Pts',(-1.54973730244971,-0.114707280351765,
1.825));
#2455=CARTESIAN_POINT('Ctrl Pts',(-1.7041576883412,-0.305881720410851,1.825));
#2456=CARTESIAN_POINT('Ctrl Pts',(-1.923001406196,-0.30588418572137,1.825));
#2457=CARTESIAN_POINT('Ctrl Pts',(-2.07492662338072,-0.210112859313007,
1.825));
#2458=CARTESIAN_POINT('Ctrl Pts',(-2.13704089775362,-0.111230507667752,
1.825));
#2459=CARTESIAN_POINT('Ctrl Pts',(-2.14685591860929,-0.0223247987774185,
1.825));
#2460=CARTESIAN_POINT('Ctrl Pts',(-2.14684020338035,-0.000118126155043135,
1.825));
#2461=CARTESIAN_POINT('Ctrl Pts',(-2.14684020338035,-0.000118126155043135,
1.825));
#2462=CARTESIAN_POINT('Ctrl Pts',(-2.14682443206418,0.0221678014983057,
1.825));
#2463=CARTESIAN_POINT('Ctrl Pts',(-2.13933453009009,0.088976365433952,1.825));
#2464=CARTESIAN_POINT('Ctrl Pts',(-2.08998362414009,0.191354252072995,1.825));
#2465=CARTESIAN_POINT('Ctrl Pts',(-1.98290201245715,0.276704530970609,1.825));
#2466=CARTESIAN_POINT('Ctrl Pts',(-1.89400250525693,0.296860403986436,1.825));
#2467=CARTESIAN_POINT('Ctrl Pts',(-1.84975902922161,0.296824485841648,1.825));
#2468=CARTESIAN_POINT('Ctrl Pts',(-1.84968042422534,0.393649037589924,1.75));
#2469=CARTESIAN_POINT('Ctrl Pts',(-1.90835618243158,0.393696672282485,1.75));
#2470=CARTESIAN_POINT('Ctrl Pts',(-2.02625483001908,0.366965926023574,1.75));
#2471=CARTESIAN_POINT('Ctrl Pts',(-2.16826660934733,0.253774269847333,1.75));
#2472=CARTESIAN_POINT('Ctrl Pts',(-2.24677772531183,0.0909038630049448,
1.75));
#2473=CARTESIAN_POINT('Ctrl Pts',(-2.24718446625404,-0.121230385671652,
1.75));
#2474=CARTESIAN_POINT('Ctrl Pts',(-2.1482979944229,-0.27865196033038,1.75));
#2475=CARTESIAN_POINT('Ctrl Pts',(-1.94681456437222,-0.405664023915577,
1.75));
#2476=CARTESIAN_POINT('Ctrl Pts',(-1.65658372754663,-0.405660754417407,
1.75));
#2477=CARTESIAN_POINT('Ctrl Pts',(-1.45179120135701,-0.15212495150794,1.75));
#2478=CARTESIAN_POINT('Ctrl Pts',(-1.45323404063999,0.0902116267318776,
1.75));
#2479=CARTESIAN_POINT('Ctrl Pts',(-1.5310727709588,0.253280520300171,1.75));
#2480=CARTESIAN_POINT('Ctrl Pts',(-1.67288999553432,0.366632785490278,1.75));
#2481=CARTESIAN_POINT('Ctrl Pts',(-1.7910046660191,0.393601402897362,1.75));
#2482=CARTESIAN_POINT('Ctrl Pts',(-1.84968042422534,0.393649037589924,1.75));
#2483=CARTESIAN_POINT('Origin',(-1.27675647831893E-14,-1.0547118733939E-14,
1.75));
#2484=CARTESIAN_POINT('',(-2.38484800354239,-0.750000000000003,1.75));
#2485=CARTESIAN_POINT('Origin',(0.,0.,1.75));
#2486=CARTESIAN_POINT('',(-0.476969600708477,-2.15000000000002,1.75));
#2487=CARTESIAN_POINT('Origin',(-0.476969600708477,-0.15,1.75));
#2488=CARTESIAN_POINT('',(0.476969600708472,-2.15,1.75));
#2489=CARTESIAN_POINT('',(0.476969600708472,-2.15,1.75));
#2490=CARTESIAN_POINT('Origin',(0.476969600708471,-0.15,1.75));
#2491=CARTESIAN_POINT('Ctrl Pts',(1.8502409707784,0.296824485841647,1.825));
#2492=CARTESIAN_POINT('Ctrl Pts',(1.80599749474308,0.296860403986435,1.825));
#2493=CARTESIAN_POINT('Ctrl Pts',(1.7170979910327,0.276704533939749,1.825));
#2494=CARTESIAN_POINT('Ctrl Pts',(1.61001638793911,0.191354255663595,1.825));
#2495=CARTESIAN_POINT('Ctrl Pts',(1.55081640117148,0.0685445436111515,1.825));
#2496=CARTESIAN_POINT('Ctrl Pts',(1.55050970825315,-0.0914117489685606,
1.825));
#2497=CARTESIAN_POINT('Ctrl Pts',(1.6250734141935,-0.210112869552925,1.825));
#2498=CARTESIAN_POINT('Ctrl Pts',(1.77699863385522,-0.305884208907443,1.825));
#2499=CARTESIAN_POINT('Ctrl Pts',(1.99584237477747,-0.305881763564276,1.825));
#2500=CARTESIAN_POINT('Ctrl Pts',(2.1502627227191,-0.114707297564883,1.825));
#2501=CARTESIAN_POINT('Ctrl Pts',(2.14917475328264,0.0680225635165098,1.825));
#2502=CARTESIAN_POINT('Ctrl Pts',(2.09048175813313,0.190981942697246,1.825));
#2503=CARTESIAN_POINT('Ctrl Pts',(1.98354684256889,0.2764533302348,1.825));
#2504=CARTESIAN_POINT('Ctrl Pts',(1.89448444681371,0.296788567696859,1.825));
#2505=CARTESIAN_POINT('Ctrl Pts',(1.8502409707784,0.296824485841647,1.825));
#2506=CARTESIAN_POINT('Ctrl Pts',(1.85024606641999,0.303101226971599,1.80069027812438));
#2507=CARTESIAN_POINT('Ctrl Pts',(1.80508833810555,0.303137887333063,1.80069027812438));
#2508=CARTESIAN_POINT('Ctrl Pts',(1.71434141543764,0.282548744653973,1.80069027812438));
#2509=CARTESIAN_POINT('Ctrl Pts',(1.60503819234221,0.195412319922856,1.80069027812438));
#2510=CARTESIAN_POINT('Ctrl Pts',(1.54460371371866,0.0700342834385955,1.80069027812438));
#2511=CARTESIAN_POINT('Ctrl Pts',(1.54429104724494,-0.0932380427987719,
1.80069027812438));
#2512=CARTESIAN_POINT('Ctrl Pts',(1.62039841561453,-0.21441364403008,1.80069027812438));
#2513=CARTESIAN_POINT('Ctrl Pts',(1.77547305954343,-0.312169938426515,1.80069027812438));
#2514=CARTESIAN_POINT('Ctrl Pts',(1.99885277381477,-0.31217998280767,1.80069027812438));
#2515=CARTESIAN_POINT('Ctrl Pts',(2.15648298799383,-0.11701272508727,1.80069027812438));
#2516=CARTESIAN_POINT('Ctrl Pts',(2.1553786692553,0.0695176988980509,1.80069027812438));
#2517=CARTESIAN_POINT('Ctrl Pts',(2.09546848523208,0.195029407398857,1.80069027812438));
#2518=CARTESIAN_POINT('Ctrl Pts',(1.98631689401867,0.282290015070391,1.80069027812438));
#2519=CARTESIAN_POINT('Ctrl Pts',(1.89540379473442,0.303064566610134,1.80069027812438));
#2520=CARTESIAN_POINT('Ctrl Pts',(1.85024606641999,0.303101226971599,1.80069027812438));
#2521=CARTESIAN_POINT('Ctrl Pts',(1.85026856646716,0.330816475170402,1.76268334378733));
#2522=CARTESIAN_POINT('Ctrl Pts',(1.80094913756528,0.330856514121834,1.76268334378733));
#2523=CARTESIAN_POINT('Ctrl Pts',(1.70185489793651,0.308395472077819,1.76268334378733));
#2524=CARTESIAN_POINT('Ctrl Pts',(1.58249191148172,0.213262881016703,1.76268334378733));
#2525=CARTESIAN_POINT('Ctrl Pts',(1.51650488748693,0.0763767352472748,1.76268334378733));
#2526=CARTESIAN_POINT('Ctrl Pts',(1.5161628507056,-0.101926350985914,1.76268334378733));
#2527=CARTESIAN_POINT('Ctrl Pts',(1.59927983707486,-0.234236410458029,1.76268334378733));
#2528=CARTESIAN_POINT('Ctrl Pts',(1.76863074724357,-0.340992809771214,1.76268334378733));
#2529=CARTESIAN_POINT('Ctrl Pts',(2.01257596866334,-0.340984651151427,1.76268334378733));
#2530=CARTESIAN_POINT('Ctrl Pts',(2.18470441943565,-0.12789551859388,1.76268334378733));
#2531=CARTESIAN_POINT('Ctrl Pts',(2.18348897295875,0.0757878592356537,1.76268334378733));
#2532=CARTESIAN_POINT('Ctrl Pts',(2.11806414919616,0.212849112398284,1.76268334378733));
#2533=CARTESIAN_POINT('Ctrl Pts',(1.99886385055987,0.308116459911703,1.76268334378733));
#2534=CARTESIAN_POINT('Ctrl Pts',(1.89958799536903,0.33077643621897,1.76268334378733));
#2535=CARTESIAN_POINT('Ctrl Pts',(1.85026856646716,0.330816475170402,1.76268334378733));
#2536=CARTESIAN_POINT('Ctrl Pts',(1.85030428884989,0.374818814200067,1.75));
#2537=CARTESIAN_POINT('Ctrl Pts',(1.7944321139124,0.374864172861928,1.75));
#2538=CARTESIAN_POINT('Ctrl Pts',(1.68216832584641,0.349413146308986,1.75));
#2539=CARTESIAN_POINT('Ctrl Pts',(1.54694333513811,0.241633237630761,1.75));
#2540=CARTESIAN_POINT('Ctrl Pts',(1.47218523011424,0.0865494818398428,1.75));
#2541=CARTESIAN_POINT('Ctrl Pts',(1.47179787363891,-0.115447206776884,1.75));
#2542=CARTESIAN_POINT('Ctrl Pts',(1.56595904501549,-0.265343823661799,1.75));
#2543=CARTESIAN_POINT('Ctrl Pts',(1.75781391742222,-0.386286265211015,1.75));
#2544=CARTESIAN_POINT('Ctrl Pts',(2.03417523136026,-0.386281310927489,1.75));
#2545=CARTESIAN_POINT('Ctrl Pts',(2.22917971525031,-0.144865956970057,1.75));
#2546=CARTESIAN_POINT('Ctrl Pts',(2.22780487758354,0.0858878993704248,1.75));
#2547=CARTESIAN_POINT('Ctrl Pts',(2.15368600301615,0.241163500553588,1.75));
#2548=CARTESIAN_POINT('Ctrl Pts',(2.01864596962048,0.349096265165073,1.75));
#2549=CARTESIAN_POINT('Ctrl Pts',(1.90617646378737,0.374773455538206,1.75));
#2550=CARTESIAN_POINT('Ctrl Pts',(1.85030428884989,0.374818814200067,1.75));
#2551=CARTESIAN_POINT('Ctrl Pts',(1.85031957577467,0.393649037589923,1.75));
#2552=CARTESIAN_POINT('Ctrl Pts',(1.79164381756842,0.393696672282484,1.75));
#2553=CARTESIAN_POINT('Ctrl Pts',(1.67374517460916,0.366965929961251,1.75));
#2554=CARTESIAN_POINT('Ctrl Pts',(1.53173340667211,0.253774274609191,1.75));
#2555=CARTESIAN_POINT('Ctrl Pts',(1.45322230355225,0.0909038671390648,1.75));
#2556=CARTESIAN_POINT('Ctrl Pts',(1.45281556698604,-0.121230386043969,1.75));
#2557=CARTESIAN_POINT('Ctrl Pts',(1.55170205540808,-0.278651973910573,1.75));
#2558=CARTESIAN_POINT('Ctrl Pts',(1.75318548874376,-0.405664054664978,1.75));
#2559=CARTESIAN_POINT('Ctrl Pts',(2.04341635616143,-0.405660811647538,1.75));
#2560=CARTESIAN_POINT('Ctrl Pts',(2.2482088320219,-0.152124974336,1.75));
#2561=CARTESIAN_POINT('Ctrl Pts',(2.24676596547275,0.0902116164262768,1.75));
#2562=CARTESIAN_POINT('Ctrl Pts',(2.16892723532769,0.253280512645889,1.75));
#2563=CARTESIAN_POINT('Ctrl Pts',(2.02711000459195,0.366632783265447,1.75));
#2564=CARTESIAN_POINT('Ctrl Pts',(1.90899533398091,0.393601402897361,1.75));
#2565=CARTESIAN_POINT('Ctrl Pts',(1.85031957577467,0.393649037589923,1.75));
#2566=CARTESIAN_POINT('',(1.8502409707784,0.296824485841647,1.825));
#2567=CARTESIAN_POINT('Origin',(1.85031957577467,0.393649037589923,1.85));
#2568=CARTESIAN_POINT('',(1.55315981982091,-0.000118124665279169,1.825));
#2569=CARTESIAN_POINT('Ctrl Pts',(1.8502409707784,0.296824485841647,1.825));
#2570=CARTESIAN_POINT('Ctrl Pts',(1.89448444681371,0.296788567696859,1.825));
#2571=CARTESIAN_POINT('Ctrl Pts',(1.98354684256889,0.2764533302348,1.825));
#2572=CARTESIAN_POINT('Ctrl Pts',(2.09048175813313,0.190981942697246,1.825));
#2573=CARTESIAN_POINT('Ctrl Pts',(2.14917475328264,0.0680225635165098,1.825));
#2574=CARTESIAN_POINT('Ctrl Pts',(2.1502627227191,-0.114707297564883,1.825));
#2575=CARTESIAN_POINT('Ctrl Pts',(1.99584237477747,-0.305881763564276,1.825));
#2576=CARTESIAN_POINT('Ctrl Pts',(1.77699863385522,-0.305884208907443,1.825));
#2577=CARTESIAN_POINT('Ctrl Pts',(1.6250734141935,-0.210112869552925,1.825));
#2578=CARTESIAN_POINT('Ctrl Pts',(1.56295912939924,-0.111230509611312,1.825));
#2579=CARTESIAN_POINT('Ctrl Pts',(1.55314410536626,-0.0223247978393248,
1.825));
#2580=CARTESIAN_POINT('Ctrl Pts',(1.55315981982091,-0.000118124665279161,
1.825));
#2581=CARTESIAN_POINT('Ctrl Pts',(1.55315981982091,-0.000118124665279161,
1.825));
#2582=CARTESIAN_POINT('Ctrl Pts',(1.55317559036005,0.0221678035417089,1.825));
#2583=CARTESIAN_POINT('Ctrl Pts',(1.56066549006305,0.0889763686299647,1.825));
#2584=CARTESIAN_POINT('Ctrl Pts',(1.61001638793911,0.191354255663595,1.825));
#2585=CARTESIAN_POINT('Ctrl Pts',(1.7170979910327,0.276704533939749,1.825));
#2586=CARTESIAN_POINT('Ctrl Pts',(1.80599749474308,0.296860403986435,1.825));
#2587=CARTESIAN_POINT('Ctrl Pts',(1.8502409707784,0.296824485841647,1.825));
#2588=CARTESIAN_POINT('Origin',(1.85,-3.21964677141295E-16,1.8));
#2589=CARTESIAN_POINT('',(1.65,-3.46457613124242E-16,1.9));
#2590=CARTESIAN_POINT('Origin',(1.85,-3.21964677141295E-16,1.9));
#2591=CARTESIAN_POINT('Origin',(1.65,-3.46457613124242E-16,1.8));
#2592=CARTESIAN_POINT('Origin',(1.85,-3.12250225675825E-16,1.9));
#2593=CARTESIAN_POINT('Origin',(-1.85,5.99520433297585E-16,1.8));
#2594=CARTESIAN_POINT('',(-2.05,5.75027497314638E-16,1.9));
#2595=CARTESIAN_POINT('Origin',(-1.85,5.99520433297585E-16,1.9));
#2596=CARTESIAN_POINT('Origin',(-2.05,5.75027497314638E-16,1.8));
#2597=CARTESIAN_POINT('Origin',(-1.85,5.89805981832114E-16,1.9));
#2598=CARTESIAN_POINT('Origin',(-0.476969600708477,-2.15,0.));
#2599=CARTESIAN_POINT('',(0.476969600708472,-2.15,0.));
#2600=CARTESIAN_POINT('',(-0.476969600708477,-2.15000000000002,0.));
#2601=CARTESIAN_POINT('',(0.476969600708472,-2.15,0.));
#2602=CARTESIAN_POINT('',(0.476969600708472,-2.15,0.));
#2603=CARTESIAN_POINT('',(-0.476969600708477,-2.15000000000002,0.));
#2604=CARTESIAN_POINT('Origin',(-0.476969600708477,-0.15,0.));
#2605=CARTESIAN_POINT('',(-2.38484800354239,-0.750000000000004,0.));
#2606=CARTESIAN_POINT('Origin',(-0.476969600708477,-0.15,0.));
#2607=CARTESIAN_POINT('',(-2.38484800354239,-0.750000000000004,0.));
#2608=CARTESIAN_POINT('Origin',(0.,0.,0.));
#2609=CARTESIAN_POINT('Origin',(0.,0.,0.));
#2610=CARTESIAN_POINT('Origin',(0.476969600708472,2.15,0.));
#2611=CARTESIAN_POINT('',(0.476969600708472,2.15,0.));
#2612=CARTESIAN_POINT('',(-0.476969600708478,2.15,0.));
#2613=CARTESIAN_POINT('',(0.476969600708472,2.15,0.));
#2614=CARTESIAN_POINT('Origin',(0.476969600708472,0.15,0.));
#2615=CARTESIAN_POINT('',(2.38484800354236,0.750000000000002,0.));
#2616=CARTESIAN_POINT('Origin',(0.476969600708472,0.15,0.));
#2617=CARTESIAN_POINT('',(2.38484800354236,0.750000000000002,0.));
#2618=CARTESIAN_POINT('Origin',(0.,0.,0.));
#2619=CARTESIAN_POINT('',(2.38484800354236,-0.750000000000003,0.));
#2620=CARTESIAN_POINT('Origin',(0.,0.,0.));
#2621=CARTESIAN_POINT('',(2.38484800354236,-0.750000000000003,0.));
#2622=CARTESIAN_POINT('Origin',(0.476969600708471,-0.15,0.));
#2623=CARTESIAN_POINT('Origin',(0.476969600708471,-0.15,0.));
#2624=CARTESIAN_POINT('Origin',(-1.27675647831893E-14,-1.0547118733939E-14,
0.));
#2625=UNCERTAINTY_MEASURE_WITH_UNIT(LENGTH_MEASURE(0.01),#2629,
'DISTANCE_ACCURACY_VALUE',
'Maximum model space distance between geometric entities at asserted c
onnectivities');
#2626=UNCERTAINTY_MEASURE_WITH_UNIT(LENGTH_MEASURE(0.01),#2629,
'DISTANCE_ACCURACY_VALUE',
'Maximum model space distance between geometric entities at asserted c
onnectivities');
#2627=(
GEOMETRIC_REPRESENTATION_CONTEXT(3)
GLOBAL_UNCERTAINTY_ASSIGNED_CONTEXT((#2625))
GLOBAL_UNIT_ASSIGNED_CONTEXT((#2629,#2631,#2632))
REPRESENTATION_CONTEXT('','3D')
);
#2628=(
GEOMETRIC_REPRESENTATION_CONTEXT(3)
GLOBAL_UNCERTAINTY_ASSIGNED_CONTEXT((#2626))
GLOBAL_UNIT_ASSIGNED_CONTEXT((#2629,#2631,#2632))
REPRESENTATION_CONTEXT('','3D')
);
#2629=(
LENGTH_UNIT()
NAMED_UNIT(*)
SI_UNIT(.MILLI.,.METRE.)
);
#2630=(
LENGTH_UNIT()
NAMED_UNIT(*)
SI_UNIT($,.METRE.)
);
#2631=(
NAMED_UNIT(*)
PLANE_ANGLE_UNIT()
SI_UNIT($,.RADIAN.)
);
#2632=(
NAMED_UNIT(*)
SI_UNIT($,.STERADIAN.)
SOLID_ANGLE_UNIT()
);
#2633=SHAPE_DEFINITION_REPRESENTATION(#2634,#2635);
#2634=PRODUCT_DEFINITION_SHAPE('',$,#2637);
#2635=SHAPE_REPRESENTATION('',(#1507),#2627);
#2636=PRODUCT_DEFINITION_CONTEXT('part definition',#2641,'design');
#2637=PRODUCT_DEFINITION('LDR','LDR v1',#2638,#2636);
#2638=PRODUCT_DEFINITION_FORMATION('',$,#2643);
#2639=PRODUCT_RELATED_PRODUCT_CATEGORY('LDR v1','LDR v1',(#2643));
#2640=APPLICATION_PROTOCOL_DEFINITION('international standard',
'automotive_design',2009,#2641);
#2641=APPLICATION_CONTEXT(
'Core Data for Automotive Mechanical Design Process');
#2642=PRODUCT_CONTEXT('part definition',#2641,'mechanical');
#2643=PRODUCT('LDR','LDR v1',$,(#2642));
#2644=PRESENTATION_STYLE_ASSIGNMENT((#2648));
#2645=PRESENTATION_STYLE_ASSIGNMENT((#2649));
#2646=PRESENTATION_STYLE_ASSIGNMENT((#2650));
#2647=PRESENTATION_STYLE_ASSIGNMENT((#2651));
#2648=SURFACE_STYLE_USAGE(.BOTH.,#2652);
#2649=SURFACE_STYLE_USAGE(.BOTH.,#2653);
#2650=SURFACE_STYLE_USAGE(.BOTH.,#2654);
#2651=SURFACE_STYLE_USAGE(.BOTH.,#2655);
#2652=SURFACE_SIDE_STYLE('',(#2656));
#2653=SURFACE_SIDE_STYLE('',(#2657));
#2654=SURFACE_SIDE_STYLE('',(#2658));
#2655=SURFACE_SIDE_STYLE('',(#2659));
#2656=SURFACE_STYLE_FILL_AREA(#2660);
#2657=SURFACE_STYLE_FILL_AREA(#2661);
#2658=SURFACE_STYLE_FILL_AREA(#2662);
#2659=SURFACE_STYLE_FILL_AREA(#2663);
#2660=FILL_AREA_STYLE('Steel - Satin',(#2664));
#2661=FILL_AREA_STYLE('Aluminum - Polished',(#2665));
#2662=FILL_AREA_STYLE('Aluminum - Anodized Glossy (Red)',(#2666));
#2663=FILL_AREA_STYLE('Brass - Matte',(#2667));
#2664=FILL_AREA_STYLE_COLOUR('Steel - Satin',#2668);
#2665=FILL_AREA_STYLE_COLOUR('Aluminum - Polished',#2669);
#2666=FILL_AREA_STYLE_COLOUR('Aluminum - Anodized Glossy (Red)',#2670);
#2667=FILL_AREA_STYLE_COLOUR('Brass - Matte',#2671);
#2668=COLOUR_RGB('Steel - Satin',0.627450980392157,0.627450980392157,0.627450980392157);
#2669=COLOUR_RGB('Aluminum - Polished',0.96078431372549,0.96078431372549,
0.964705882352941);
#2670=COLOUR_RGB('Aluminum - Anodized Glossy (Red)',0.854901960784314,0.349019607843137,
0.349019607843137);
#2671=COLOUR_RGB('Brass - Matte',0.952941176470588,0.796078431372549,0.486274509803922);
ENDSEC;
END-ISO-10303-21;
